epoch,step,test_MAE,test_loss,train_MAE_epoch,train_MAE_step,train_loss,valid_MAE,valid_loss
0,4,,,,544.8490600585938,,,
0,9,,,,161.5576934814453,,,
0,14,,,,98.86943054199219,,,
0,19,,,,80.50688171386719,,,
0,24,,,,47.018218994140625,,,
0,29,,,,62.280155181884766,,,
0,34,,,,39.08943557739258,,,
0,39,,,,25.724634170532227,,,
0,44,,,,16.946815490722656,,,
0,49,,,,14.938740730285645,,,
0,54,,,,11.495152473449707,,,
0,59,,,,10.035468101501465,,,
0,64,,,,7.640585422515869,,,
0,69,,,,4.9512529373168945,,,
0,74,,,,3.3935868740081787,,,
0,79,,,,2.423652172088623,,,
0,84,,,,1.5853819847106934,,,
0,89,,,,1.4337563514709473,,,
0,94,,,,0.9950850605964661,,,
0,99,,,,0.5252425074577332,,,
0,104,,,,0.4008523225784302,,,
0,109,,,,0.34504109621047974,,,
0,114,,,,0.18964384496212006,,,
0,119,,,,0.24422942101955414,,,
0,124,,,,0.1264951527118683,,,
0,129,,,,0.12667715549468994,,,
0,134,,,,0.14814655482769012,,,
0,139,,,,0.07270243763923645,,,
0,144,,,,0.162550151348114,,,
0,149,,,,0.08113580197095871,,,
0,154,,,,0.05167502909898758,,,
0,159,,,,0.10013817995786667,,,
0,164,,,,0.167489156126976,,,
0,169,,,,0.16885153949260712,,,
0,174,,,,0.13625237345695496,,,
0,179,,,,0.0552978441119194,,,
0,184,,,,0.051050130277872086,,,
0,189,,,,0.13612765073776245,,,
0,194,,,,0.11003907769918442,,,
0,199,,,,0.2796826958656311,,,
0,204,,,,0.1644851714372635,,,
0,209,,,,1.7768363952636719,,,
0,214,,,,3.1404402256011963,,,
0,219,,,,11.916322708129883,,,
0,224,,,,39.90134811401367,,,
0,229,,,,378.19696044921875,,,
0,234,,,,170.59934997558594,,,
0,239,,,,12.834798812866211,,,
0,244,,,,7.677529335021973,,,
0,249,,,,3.8662784099578857,,,
0,249,,,,,,1.4872570037841797,3.275402784347534
0,249,,,60.98542022705078,,132745.890625,,
1,254,,,,2.0168988704681396,,,
1,259,,,,1.5376477241516113,,,
1,264,,,,1.208547830581665,,,
1,269,,,,0.857182502746582,,,
1,274,,,,0.5779231190681458,,,
1,279,,,,0.8988632559776306,,,
1,284,,,,0.8041219711303711,,,
1,289,,,,0.8242902755737305,,,
1,294,,,,0.8346142768859863,,,
1,299,,,,0.6844222545623779,,,
1,304,,,,0.8121967911720276,,,
1,309,,,,0.7554991245269775,,,
1,314,,,,0.8467996120452881,,,
1,319,,,,0.7649674415588379,,,
1,324,,,,0.5943256616592407,,,
1,329,,,,0.6251441240310669,,,
1,334,,,,0.534386932849884,,,
1,339,,,,0.43836671113967896,,,
1,344,,,,0.9219420552253723,,,
1,349,,,,5.604115962982178,,,
1,354,,,,27.464996337890625,,,
1,359,,,,51.79512023925781,,,
1,364,,,,116.96441650390625,,,
1,369,,,,158.82516479492188,,,
1,374,,,,52.23074722290039,,,
1,379,,,,7.916388034820557,,,
1,384,,,,4.945714950561523,,,
1,389,,,,2.3908934593200684,,,
1,394,,,,1.427945613861084,,,
1,399,,,,1.8463860750198364,,,
1,404,,,,1.1363260746002197,,,
1,409,,,,1.2685930728912354,,,
1,414,,,,1.145779013633728,,,
1,419,,,,1.268959641456604,,,
1,424,,,,27.58969497680664,,,
1,429,,,,55.90226745605469,,,
1,434,,,,100.22700500488281,,,
1,439,,,,119.74901580810547,,,
1,444,,,,24.162622451782227,,,
1,449,,,,8.230043411254883,,,
1,454,,,,1.1844829320907593,,,
1,459,,,,1.2697522640228271,,,
1,464,,,,0.4957769215106964,,,
1,469,,,,0.40136533975601196,,,
1,474,,,,1.35624098777771,,,
1,479,,,,1.0662263631820679,,,
1,484,,,,1.181585669517517,,,
1,489,,,,4.777188301086426,,,
1,494,,,,7.5799055099487305,,,
1,499,,,,16.034793853759766,,,
1,499,,,,,,20.755189895629883,512.5646362304688
1,499,,,16.696762084960938,,2466.87646484375,,
2,504,,,,53.68153762817383,,,
2,509,,,,43.22183609008789,,,
2,514,,,,141.98672485351562,,,
2,519,,,,13.762626647949219,,,
2,524,,,,2.057511806488037,,,
2,529,,,,1.765089511871338,,,
2,534,,,,1.1216704845428467,,,
2,539,,,,0.6303066611289978,,,
2,544,,,,1.0079984664916992,,,
2,549,,,,1.1687636375427246,,,
2,554,,,,2.3965768814086914,,,
2,559,,,,4.0046305656433105,,,
2,564,,,,17.26978874206543,,,
2,569,,,,178.40643310546875,,,
2,574,,,,19.677698135375977,,,
2,579,,,,2.3862967491149902,,,
2,584,,,,1.7446658611297607,,,
2,589,,,,2.2073163986206055,,,
2,594,,,,0.9913702607154846,,,
2,599,,,,1.122950553894043,,,
2,604,,,,0.8176482915878296,,,
2,609,,,,0.6096420884132385,,,
2,614,,,,0.8630968332290649,,,
2,619,,,,0.47637537121772766,,,
2,624,,,,0.823683500289917,,,
2,629,,,,0.7849977016448975,,,
2,634,,,,0.8355898857116699,,,
2,639,,,,0.5634961724281311,,,
2,644,,,,0.35313117504119873,,,
2,649,,,,0.5501855611801147,,,
2,654,,,,0.8352725505828857,,,
2,659,,,,0.3188362121582031,,,
2,664,,,,0.48290500044822693,,,
2,669,,,,2.116126775741577,,,
2,674,,,,22.602163314819336,,,
2,679,,,,109.43528747558594,,,
2,684,,,,3.644862651824951,,,
2,689,,,,2.4393651485443115,,,
2,694,,,,1.4757810831069946,,,
2,699,,,,1.155081033706665,,,
2,704,,,,0.9349998235702515,,,
2,709,,,,1.9308314323425293,,,
2,714,,,,1.3706414699554443,,,
2,719,,,,1.2855315208435059,,,
2,724,,,,0.9632027745246887,,,
2,729,,,,0.7008283138275146,,,
2,734,,,,0.7612094879150391,,,
2,739,,,,0.4973548650741577,,,
2,744,,,,0.49396470189094543,,,
2,749,,,,0.5546620488166809,,,
2,749,,,,,,0.3786171078681946,0.28657200932502747
2,749,,,11.785284042358398,,1640.448974609375,,
3,754,,,,0.7512396574020386,,,
3,759,,,,0.45869460701942444,,,
3,764,,,,0.3890109062194824,,,
3,769,,,,0.5768688917160034,,,
3,774,,,,0.3369380831718445,,,
3,779,,,,0.2657134532928467,,,
3,784,,,,0.25580090284347534,,,
3,789,,,,0.2019788771867752,,,
3,794,,,,0.19394966959953308,,,
3,799,,,,0.21088361740112305,,,
3,804,,,,0.13125836849212646,,,
3,809,,,,0.2308560311794281,,,
3,814,,,,0.15817555785179138,,,
3,819,,,,0.1331808865070343,,,
3,824,,,,0.1363987773656845,,,
3,829,,,,0.18972735106945038,,,
3,834,,,,0.16847138106822968,,,
3,839,,,,0.11552022397518158,,,
3,844,,,,0.16054467856884003,,,
3,849,,,,0.062556192278862,,,
3,854,,,,0.08763972669839859,,,
3,859,,,,0.7866183519363403,,,
3,864,,,,2.53893780708313,,,
3,869,,,,12.677781105041504,,,
3,874,,,,25.155683517456055,,,
3,879,,,,21.30278968811035,,,
3,884,,,,29.698917388916016,,,
3,889,,,,0.4866155982017517,,,
3,894,,,,0.28584468364715576,,,
3,899,,,,0.1716224104166031,,,
3,904,,,,0.12421177327632904,,,
3,909,,,,0.16049696505069733,,,
3,914,,,,0.10733148455619812,,,
3,919,,,,0.1318737417459488,,,
3,924,,,,0.10834074765443802,,,
3,929,,,,0.11478123813867569,,,
3,934,,,,0.12284821271896362,,,
3,939,,,,0.06982401013374329,,,
3,944,,,,0.060258157551288605,,,
3,949,,,,0.1188616156578064,,,
3,954,,,,0.03509724885225296,,,
3,959,,,,0.07309872657060623,,,
3,964,,,,0.09036199003458023,,,
3,969,,,,0.08723632246255875,,,
3,974,,,,0.13806313276290894,,,
3,979,,,,0.13160526752471924,,,
3,984,,,,0.25589877367019653,,,
3,989,,,,0.10996545106172562,,,
3,994,,,,0.10737541317939758,,,
3,999,,,,0.04167880862951279,,,
3,999,,,,,,0.08247694373130798,0.030661486089229584
3,999,,,1.765936017036438,,69.05447387695312,,
4,1004,,,,0.16546514630317688,,,
4,1009,,,,0.2669270634651184,,,
4,1014,,,,0.3550644814968109,,,
4,1019,,,,0.49549368023872375,,,
4,1024,,,,1.592970848083496,,,
4,1029,,,,2.266787052154541,,,
4,1034,,,,2.994048833847046,,,
4,1039,,,,4.695101261138916,,,
4,1044,,,,9.226112365722656,,,
4,1049,,,,3.374415159225464,,,
4,1054,,,,0.27585047483444214,,,
4,1059,,,,0.09729858487844467,,,
4,1064,,,,0.13560882210731506,,,
4,1069,,,,0.09699892997741699,,,
4,1074,,,,0.09461657702922821,,,
4,1079,,,,0.05254736170172691,,,
4,1084,,,,0.11253857612609863,,,
4,1089,,,,0.16136299073696136,,,
4,1094,,,,0.07797139883041382,,,
4,1099,,,,0.20702219009399414,,,
4,1104,,,,0.19981667399406433,,,
4,1109,,,,0.04487502574920654,,,
4,1114,,,,0.06919180601835251,,,
4,1119,,,,0.10319174826145172,,,
4,1124,,,,0.11124525964260101,,,
4,1129,,,,0.1056969091296196,,,
4,1134,,,,0.21076326072216034,,,
4,1139,,,,0.5277841687202454,,,
4,1144,,,,3.7805845737457275,,,
4,1149,,,,6.621826648712158,,,
4,1154,,,,4.575318336486816,,,
4,1159,,,,5.879883766174316,,,
4,1164,,,,1.5958025455474854,,,
4,1169,,,,0.18049442768096924,,,
4,1174,,,,0.07929302752017975,,,
4,1179,,,,0.11377257853746414,,,
4,1184,,,,0.2001456469297409,,,
4,1189,,,,0.1758776605129242,,,
4,1194,,,,0.1389109194278717,,,
4,1199,,,,0.3579358458518982,,,
4,1204,,,,0.7618102431297302,,,
4,1209,,,,0.23836158215999603,,,
4,1214,,,,0.06796661019325256,,,
4,1219,,,,0.5159191489219666,,,
4,1224,,,,0.12942802906036377,,,
4,1229,,,,0.13274383544921875,,,
4,1234,,,,0.08644814044237137,,,
4,1239,,,,0.27418264746665955,,,
4,1244,,,,0.5928324460983276,,,
4,1249,,,,17.938278198242188,,,
4,1249,,,,,,15.882828712463379,304.4669494628906
4,1249,,,1.3218351602554321,,17.726871490478516,,
5,1254,,,,1.1661845445632935,,,
5,1259,,,,0.502972424030304,,,
5,1264,,,,0.28957584500312805,,,
5,1269,,,,0.2354263961315155,,,
5,1274,,,,0.22256091237068176,,,
5,1279,,,,0.16867928206920624,,,
5,1284,,,,0.16240058839321136,,,
5,1289,,,,0.10883132368326187,,,
5,1294,,,,0.13478155434131622,,,
5,1299,,,,0.10915669053792953,,,
5,1304,,,,0.09688013046979904,,,
5,1309,,,,0.08282886445522308,,,
5,1314,,,,0.08860413730144501,,,
5,1319,,,,0.04563136398792267,,,
5,1324,,,,0.10955190658569336,,,
5,1329,,,,0.09700346738100052,,,
5,1334,,,,0.08406504988670349,,,
5,1339,,,,0.09048819541931152,,,
5,1344,,,,0.04659257084131241,,,
5,1349,,,,0.10096500813961029,,,
5,1354,,,,0.1554841250181198,,,
5,1359,,,,0.09763806313276291,,,
5,1364,,,,0.06298626959323883,,,
5,1369,,,,0.07128255069255829,,,
5,1374,,,,0.0673544704914093,,,
5,1379,,,,0.05743003264069557,,,
5,1384,,,,0.02297702617943287,,,
5,1389,,,,0.0941777303814888,,,
5,1394,,,,0.09740451723337173,,,
5,1399,,,,0.0694665014743805,,,
5,1404,,,,0.07801126688718796,,,
5,1409,,,,0.11722613126039505,,,
5,1414,,,,0.05509018152952194,,,
5,1419,,,,0.10654740035533905,,,
5,1424,,,,0.09821601212024689,,,
5,1429,,,,0.050504617393016815,,,
5,1434,,,,0.06245642155408859,,,
5,1439,,,,0.04547460004687309,,,
5,1444,,,,0.024585697799921036,,,
5,1449,,,,0.06369878351688385,,,
5,1454,,,,0.02465158887207508,,,
5,1459,,,,0.06631743907928467,,,
5,1464,,,,0.0733005553483963,,,
5,1469,,,,0.09162721037864685,,,
5,1474,,,,0.08107174187898636,,,
5,1479,,,,0.08374964445829391,,,
5,1484,,,,0.03696543350815773,,,
5,1489,,,,0.07069547474384308,,,
5,1494,,,,0.14135687053203583,,,
5,1499,,,,0.061001747846603394,,,
5,1499,,,,,,0.04974019527435303,0.026584066450595856
5,1499,,,0.20693959295749664,,2.4517204761505127,,
6,1504,,,,0.039610981941223145,,,
6,1509,,,,0.07728967070579529,,,
6,1514,,,,0.08137830346822739,,,
6,1519,,,,0.053537748754024506,,,
6,1524,,,,0.05692986026406288,,,
6,1529,,,,0.06329140067100525,,,
6,1534,,,,0.09138858318328857,,,
6,1539,,,,0.10933112353086472,,,
6,1544,,,,0.14063231647014618,,,
6,1549,,,,0.06989578157663345,,,
6,1554,,,,0.0235477015376091,,,
6,1559,,,,0.11034518480300903,,,
6,1564,,,,0.09426388144493103,,,
6,1569,,,,0.03894633427262306,,,
6,1574,,,,0.0903521478176117,,,
6,1579,,,,0.037221163511276245,,,
6,1584,,,,0.13737401366233826,,,
6,1589,,,,0.08263548463582993,,,
6,1594,,,,0.07326721400022507,,,
6,1599,,,,0.05524544417858124,,,
6,1604,,,,0.06879643350839615,,,
6,1609,,,,0.10382185131311417,,,
6,1614,,,,0.08601333945989609,,,
6,1619,,,,0.11042876541614532,,,
6,1624,,,,0.0957089364528656,,,
6,1629,,,,0.07872810959815979,,,
6,1634,,,,0.07406211644411087,,,
6,1639,,,,0.03848839923739433,,,
6,1644,,,,0.014631858095526695,,,
6,1649,,,,0.04096598923206329,,,
6,1654,,,,0.10294819623231888,,,
6,1659,,,,0.1551419347524643,,,
6,1664,,,,0.040117047727108,,,
6,1669,,,,0.08028225600719452,,,
6,1674,,,,0.11474645137786865,,,
6,1679,,,,0.12872938811779022,,,
6,1684,,,,0.0858238935470581,,,
6,1689,,,,0.12748318910598755,,,
6,1694,,,,0.03819555044174194,,,
6,1699,,,,0.15450452268123627,,,
6,1704,,,,0.034459568560123444,,,
6,1709,,,,0.10387664288282394,,,
6,1714,,,,0.0758710503578186,,,
6,1719,,,,0.03740827366709709,,,
6,1724,,,,0.04079130291938782,,,
6,1729,,,,0.011953952722251415,,,
6,1734,,,,0.14222612977027893,,,
6,1739,,,,0.11794722825288773,,,
6,1744,,,,0.04068589210510254,,,
6,1749,,,,0.08788363635540009,,,
6,1749,,,,,,0.08942867815494537,0.029187796637415886
6,1749,,,0.07344301044940948,,0.04208200052380562,,
7,1754,,,,0.1147666648030281,,,
7,1759,,,,0.2079099863767624,,,
7,1764,,,,0.05308128893375397,,,
7,1769,,,,0.07726854085922241,,,
7,1774,,,,0.05949770659208298,,,
7,1779,,,,0.011473558843135834,,,
7,1784,,,,0.08415061235427856,,,
7,1789,,,,0.07935672253370285,,,
7,1794,,,,0.12613816559314728,,,
7,1799,,,,0.16165204346179962,,,
7,1804,,,,0.09468075633049011,,,
7,1809,,,,0.12075464427471161,,,
7,1814,,,,0.03712120279669762,,,
7,1819,,,,0.06294167041778564,,,
7,1824,,,,0.1319963037967682,,,
7,1829,,,,0.054784294217824936,,,
7,1834,,,,0.019411182031035423,,,
7,1839,,,,0.06601936370134354,,,
7,1844,,,,0.12704254686832428,,,
7,1849,,,,0.12952426075935364,,,
7,1854,,,,0.08788740634918213,,,
7,1859,,,,0.13397611677646637,,,
7,1864,,,,0.026291456073522568,,,
7,1869,,,,0.07756178081035614,,,
7,1874,,,,0.09996776282787323,,,
7,1879,,,,0.10499989986419678,,,
7,1884,,,,0.07726900279521942,,,
7,1889,,,,0.10843032598495483,,,
7,1894,,,,0.11411131918430328,,,
7,1899,,,,0.0612398162484169,,,
7,1904,,,,0.22636549174785614,,,
7,1909,,,,0.06312093138694763,,,
7,1914,,,,0.023071417585015297,,,
7,1919,,,,0.11117503046989441,,,
7,1924,,,,0.055262207984924316,,,
7,1929,,,,0.047017473727464676,,,
7,1934,,,,0.10649201273918152,,,
7,1939,,,,0.048280466347932816,,,
7,1944,,,,0.05705917999148369,,,
7,1949,,,,0.05977124720811844,,,
7,1954,,,,0.05545784533023834,,,
7,1959,,,,0.07762070000171661,,,
7,1964,,,,0.059088774025440216,,,
7,1969,,,,0.0647905021905899,,,
7,1974,,,,0.04916994273662567,,,
7,1979,,,,0.019636044278740883,,,
7,1984,,,,0.007788363378494978,,,
7,1989,,,,0.07462567836046219,,,
7,1994,,,,0.10531146079301834,,,
7,1999,,,,0.04344066232442856,,,
7,1999,,,,,,0.05558593571186066,0.02779805101454258
7,1999,,,0.08064011484384537,,0.05270368978381157,,
8,2004,,,,0.0749473124742508,,,
8,2009,,,,0.1123017817735672,,,
8,2014,,,,0.03517856448888779,,,
8,2019,,,,0.05751457437872887,,,
8,2024,,,,0.0956202819943428,,,
8,2029,,,,0.06072762608528137,,,
8,2034,,,,0.17722392082214355,,,
8,2039,,,,0.09187258034944534,,,
8,2044,,,,0.028557520359754562,,,
8,2049,,,,0.09788452088832855,,,
8,2054,,,,0.07626071572303772,,,
8,2059,,,,0.05331529304385185,,,
8,2064,,,,0.0979541763663292,,,
8,2069,,,,0.1132306158542633,,,
8,2074,,,,0.03857899829745293,,,
8,2079,,,,0.06140242889523506,,,
8,2084,,,,0.02590445801615715,,,
8,2089,,,,0.15580356121063232,,,
8,2094,,,,0.06710044294595718,,,
8,2099,,,,0.028087181970477104,,,
8,2104,,,,0.06272895634174347,,,
8,2109,,,,0.10972204059362411,,,
8,2114,,,,0.055896054953336716,,,
8,2119,,,,0.020657608285546303,,,
8,2124,,,,0.09455890208482742,,,
8,2129,,,,0.05430486425757408,,,
8,2134,,,,0.08571457862854004,,,
8,2139,,,,0.10867123305797577,,,
8,2144,,,,0.08188691735267639,,,
8,2149,,,,0.06635289639234543,,,
8,2154,,,,0.1041729524731636,,,
8,2159,,,,0.03973761945962906,,,
8,2164,,,,0.04861026257276535,,,
8,2169,,,,0.05487235635519028,,,
8,2174,,,,0.21310603618621826,,,
8,2179,,,,0.0606842078268528,,,
8,2184,,,,0.08787080645561218,,,
8,2189,,,,0.0287332646548748,,,
8,2194,,,,0.0245252326130867,,,
8,2199,,,,0.02783067151904106,,,
8,2204,,,,0.06446613371372223,,,
8,2209,,,,0.07322657853364944,,,
8,2214,,,,0.1193130761384964,,,
8,2219,,,,0.05333534628152847,,,
8,2224,,,,0.05751969292759895,,,
8,2229,,,,0.03725613281130791,,,
8,2234,,,,0.031091487035155296,,,
8,2239,,,,0.06436773389577866,,,
8,2244,,,,0.05030831694602966,,,
8,2249,,,,0.09460748732089996,,,
8,2249,,,,,,0.07159893959760666,0.026410268619656563
8,2249,,,0.0716555044054985,,0.03510560840368271,,
9,2254,,,,0.0756140872836113,,,
9,2259,,,,0.054090715944767,,,
9,2264,,,,0.0583501011133194,,,
9,2269,,,,0.09218674898147583,,,
9,2274,,,,0.06923476606607437,,,
9,2279,,,,0.05909483879804611,,,
9,2284,,,,0.0478714257478714,,,
9,2289,,,,0.05020014941692352,,,
9,2294,,,,0.08560903370380402,,,
9,2299,,,,0.0766109824180603,,,
9,2304,,,,0.05230269953608513,,,
9,2309,,,,0.10795813053846359,,,
9,2314,,,,0.06538556516170502,,,
9,2319,,,,0.0473344549536705,,,
9,2324,,,,0.051841702312231064,,,
9,2329,,,,0.06666380167007446,,,
9,2334,,,,0.020358458161354065,,,
9,2339,,,,0.08815954625606537,,,
9,2344,,,,0.0761740505695343,,,
9,2349,,,,0.08525360375642776,,,
9,2354,,,,0.06996439397335052,,,
9,2359,,,,0.017957763746380806,,,
9,2364,,,,0.019637471064925194,,,
9,2369,,,,0.030042946338653564,,,
9,2374,,,,0.026394043117761612,,,
9,2379,,,,0.019946889951825142,,,
9,2384,,,,0.136898010969162,,,
9,2389,,,,0.06849595904350281,,,
9,2394,,,,0.14620555937290192,,,
9,2399,,,,0.028095442801713943,,,
9,2404,,,,0.09157788753509521,,,
9,2409,,,,0.1051483005285263,,,
9,2414,,,,0.06294649094343185,,,
9,2419,,,,0.017728397622704506,,,
9,2424,,,,0.032567378133535385,,,
9,2429,,,,0.10674568265676498,,,
9,2434,,,,0.11328871548175812,,,
9,2439,,,,0.031581562012434006,,,
9,2444,,,,0.04023008793592453,,,
9,2449,,,,0.1888754516839981,,,
9,2454,,,,0.10627094656229019,,,
9,2459,,,,0.0192735493183136,,,
9,2464,,,,0.08920787274837494,,,
9,2469,,,,0.06145342439413071,,,
9,2474,,,,0.07091754674911499,,,
9,2479,,,,0.07899530231952667,,,
9,2484,,,,0.049637217074632645,,,
9,2489,,,,0.05910768359899521,,,
9,2494,,,,0.03952542319893837,,,
9,2499,,,,0.08813438564538956,,,
9,2499,,,,,,0.06845152378082275,0.028241967782378197
9,2499,,,0.0676669180393219,,0.03397402912378311,,
10,2504,,,,0.08580133318901062,,,
10,2509,,,,0.09544399380683899,,,
10,2514,,,,0.10708165168762207,,,
10,2519,,,,0.058239489793777466,,,
10,2524,,,,0.06078207865357399,,,
10,2529,,,,0.03490183502435684,,,
10,2534,,,,0.08440109342336655,,,
10,2539,,,,0.04323446378111839,,,
10,2544,,,,0.03130565956234932,,,
10,2549,,,,0.045755743980407715,,,
10,2554,,,,0.05373740941286087,,,
10,2559,,,,0.03578665107488632,,,
10,2564,,,,0.0765748843550682,,,
10,2569,,,,0.03314152732491493,,,
10,2574,,,,0.08030553162097931,,,
10,2579,,,,0.02329464815557003,,,
10,2584,,,,0.032630644738674164,,,
10,2589,,,,0.04516831785440445,,,
10,2594,,,,0.093639075756073,,,
10,2599,,,,0.15594540536403656,,,
10,2604,,,,0.0679907277226448,,,
10,2609,,,,0.04759569093585014,,,
10,2614,,,,0.05557473003864288,,,
10,2619,,,,0.063616082072258,,,
10,2624,,,,0.04300874471664429,,,
10,2629,,,,0.08999203145503998,,,
10,2634,,,,0.07350115478038788,,,
10,2639,,,,0.044640857726335526,,,
10,2644,,,,0.02597530372440815,,,
10,2649,,,,0.06810695677995682,,,
10,2654,,,,0.0829060822725296,,,
10,2659,,,,0.07913091778755188,,,
10,2664,,,,0.036488018929958344,,,
10,2669,,,,0.07600419223308563,,,
10,2674,,,,0.07276000082492828,,,
10,2679,,,,0.09980738162994385,,,
10,2684,,,,0.11108708381652832,,,
10,2689,,,,0.06410518288612366,,,
10,2694,,,,0.08912256360054016,,,
10,2699,,,,0.06572228670120239,,,
10,2704,,,,0.016115138307213783,,,
10,2709,,,,0.10140135139226913,,,
10,2714,,,,0.0746946781873703,,,
10,2719,,,,0.048245303332805634,,,
10,2724,,,,0.08390121161937714,,,
10,2729,,,,0.07811231166124344,,,
10,2734,,,,0.0790443941950798,,,
10,2739,,,,0.05180706828832626,,,
10,2744,,,,0.08276571333408356,,,
10,2749,,,,0.06387487053871155,,,
10,2749,,,,,,0.06133259832859039,0.028648121282458305
10,2749,,,0.06823030114173889,,0.03448538854718208,,
11,2754,,,,0.08504432439804077,,,
11,2759,,,,0.04447532072663307,,,
11,2764,,,,0.09439429640769958,,,
11,2769,,,,0.038278017193078995,,,
11,2774,,,,0.06858386099338531,,,
11,2779,,,,0.027524273842573166,,,
11,2784,,,,0.01843288354575634,,,
11,2789,,,,0.08693791925907135,,,
11,2794,,,,0.09131115674972534,,,
11,2799,,,,0.04584132879972458,,,
11,2804,,,,0.07887773215770721,,,
11,2809,,,,0.05027923360466957,,,
11,2814,,,,0.05382006987929344,,,
11,2819,,,,0.056281574070453644,,,
11,2824,,,,0.05497056245803833,,,
11,2829,,,,0.05126607418060303,,,
11,2834,,,,0.056129779666662216,,,
11,2839,,,,0.12725475430488586,,,
11,2844,,,,0.07942669093608856,,,
11,2849,,,,0.06362780928611755,,,
11,2854,,,,0.08643412590026855,,,
11,2859,,,,0.10699984431266785,,,
11,2864,,,,0.0690273717045784,,,
11,2869,,,,0.05017165094614029,,,
11,2874,,,,0.04412985220551491,,,
11,2879,,,,0.10553375631570816,,,
11,2884,,,,0.06730861216783524,,,
11,2889,,,,0.033867910504341125,,,
11,2894,,,,0.07524000108242035,,,
11,2899,,,,0.08005589246749878,,,
11,2904,,,,0.05170046538114548,,,
11,2909,,,,0.13927243649959564,,,
11,2914,,,,0.055221252143383026,,,
11,2919,,,,0.05698526278138161,,,
11,2924,,,,0.07467496395111084,,,
11,2929,,,,0.02819513902068138,,,
11,2934,,,,0.051157984882593155,,,
11,2939,,,,0.0853048637509346,,,
11,2944,,,,0.020092546939849854,,,
11,2949,,,,0.06571969389915466,,,
11,2954,,,,0.11144329607486725,,,
11,2959,,,,0.09844385087490082,,,
11,2964,,,,0.08478198945522308,,,
11,2969,,,,0.05140691250562668,,,
11,2974,,,,0.06880979984998703,,,
11,2979,,,,0.08494246006011963,,,
11,2984,,,,0.03182603418827057,,,
11,2989,,,,0.0500330924987793,,,
11,2994,,,,0.06134054437279701,,,
11,2999,,,,0.035773277282714844,,,
11,2999,,,,,,0.05391990765929222,0.02864234894514084
11,2999,,,0.06641314923763275,,0.034927912056446075,,
12,3004,,,,0.04515562951564789,,,
12,3009,,,,0.11178167164325714,,,
12,3014,,,,0.036513302475214005,,,
12,3019,,,,0.04290684685111046,,,
12,3024,,,,0.03217674791812897,,,
12,3029,,,,0.1380969136953354,,,
12,3034,,,,0.026165861636400223,,,
12,3039,,,,0.08828796446323395,,,
12,3044,,,,0.03719966113567352,,,
12,3049,,,,0.04558183252811432,,,
12,3054,,,,0.09491509944200516,,,
12,3059,,,,0.07061499357223511,,,
12,3064,,,,0.06148634850978851,,,
12,3069,,,,0.03914923593401909,,,
12,3074,,,,0.08318645507097244,,,
12,3079,,,,0.06886756420135498,,,
12,3084,,,,0.06511043757200241,,,
12,3089,,,,0.06775739789009094,,,
12,3094,,,,0.09661892056465149,,,
12,3099,,,,0.029046859592199326,,,
12,3104,,,,0.043332044035196304,,,
12,3109,,,,0.07226672768592834,,,
12,3114,,,,0.027366118505597115,,,
12,3119,,,,0.024995191022753716,,,
12,3124,,,,0.014162907376885414,,,
12,3129,,,,0.04083230346441269,,,
12,3134,,,,0.0894307941198349,,,
12,3139,,,,0.0421697273850441,,,
12,3144,,,,0.06562788784503937,,,
12,3149,,,,0.06465911120176315,,,
12,3154,,,,0.05553727224469185,,,
12,3159,,,,0.03904753923416138,,,
12,3164,,,,0.042392682284116745,,,
12,3169,,,,0.17276595532894135,,,
12,3174,,,,0.07624249160289764,,,
12,3179,,,,0.030719339847564697,,,
12,3184,,,,0.07151681184768677,,,
12,3189,,,,0.03251207247376442,,,
12,3194,,,,0.047478657215833664,,,
12,3199,,,,0.043888822197914124,,,
12,3204,,,,0.05808105319738388,,,
12,3209,,,,0.049019429832696915,,,
12,3214,,,,0.10947146266698837,,,
12,3219,,,,0.028153223916888237,,,
12,3224,,,,0.05190635472536087,,,
12,3229,,,,0.04869290813803673,,,
12,3234,,,,0.07168981432914734,,,
12,3239,,,,0.06277883797883987,,,
12,3244,,,,0.05677858740091324,,,
12,3249,,,,0.07277221977710724,,,
12,3249,,,,,,0.06797372549772263,0.028759391978383064
12,3249,,,0.06608296930789948,,0.033310484141111374,,
13,3254,,,,0.028684083372354507,,,
13,3259,,,,0.03537120297551155,,,
13,3264,,,,0.04974810406565666,,,
13,3269,,,,0.12922728061676025,,,
13,3274,,,,0.06745662540197372,,,
13,3279,,,,0.03509146347641945,,,
13,3284,,,,0.019299542531371117,,,
13,3289,,,,0.03149616718292236,,,
13,3294,,,,0.06263209879398346,,,
13,3299,,,,0.057916268706321716,,,
13,3304,,,,0.09054528176784515,,,
13,3309,,,,0.04400140792131424,,,
13,3314,,,,0.067901112139225,,,
13,3319,,,,0.05762706324458122,,,
13,3324,,,,0.07688763737678528,,,
13,3329,,,,0.02776413969695568,,,
13,3334,,,,0.1476718932390213,,,
13,3339,,,,0.0770995169878006,,,
13,3344,,,,0.06165361776947975,,,
13,3349,,,,0.08551187813282013,,,
13,3354,,,,0.10144414007663727,,,
13,3359,,,,0.041737351566553116,,,
13,3364,,,,0.06137430667877197,,,
13,3369,,,,0.034018851816654205,,,
13,3374,,,,0.024861298501491547,,,
13,3379,,,,0.026492388918995857,,,
13,3384,,,,0.0681312084197998,,,
13,3389,,,,0.013245618902146816,,,
13,3394,,,,0.05083484575152397,,,
13,3399,,,,0.09808628261089325,,,
13,3404,,,,0.07158324867486954,,,
13,3409,,,,0.028247134760022163,,,
13,3414,,,,0.023438870906829834,,,
13,3419,,,,0.05888933688402176,,,
13,3424,,,,0.04805642366409302,,,
13,3429,,,,0.02466021664440632,,,
13,3434,,,,0.10153477638959885,,,
13,3439,,,,0.14510540664196014,,,
13,3444,,,,0.06162517890334129,,,
13,3449,,,,0.08426666259765625,,,
13,3454,,,,0.12930737435817719,,,
13,3459,,,,0.09410543739795685,,,
13,3464,,,,0.12274309992790222,,,
13,3469,,,,0.0364200733602047,,,
13,3474,,,,0.0802086889743805,,,
13,3479,,,,0.07314979285001755,,,
13,3484,,,,0.034823939204216,,,
13,3489,,,,0.05588984116911888,,,
13,3494,,,,0.053601473569869995,,,
13,3499,,,,0.11691278219223022,,,
13,3499,,,,,,0.07390265166759491,0.028942570090293884
13,3499,,,0.06605199724435806,,0.03321899473667145,,
14,3504,,,,0.07636403292417526,,,
14,3509,,,,0.08853377401828766,,,
14,3514,,,,0.10619246959686279,,,
14,3519,,,,0.028709204867482185,,,
14,3524,,,,0.05233542621135712,,,
14,3529,,,,0.09715487062931061,,,
14,3534,,,,0.09170356392860413,,,
14,3539,,,,0.02363814227283001,,,
14,3544,,,,0.03957834467291832,,,
14,3549,,,,0.05992457643151283,,,
14,3554,,,,0.05406787246465683,,,
14,3559,,,,0.0793839767575264,,,
14,3564,,,,0.03585033491253853,,,
14,3569,,,,0.006489783991128206,,,
14,3574,,,,0.12855792045593262,,,
14,3579,,,,0.13288187980651855,,,
14,3584,,,,0.033172961324453354,,,
14,3589,,,,0.050943419337272644,,,
14,3594,,,,0.05769443139433861,,,
14,3599,,,,0.06572845578193665,,,
14,3604,,,,0.047613658010959625,,,
14,3609,,,,0.024075495079159737,,,
14,3614,,,,0.041672736406326294,,,
14,3619,,,,0.048226360231637955,,,
14,3624,,,,0.03350544348359108,,,
14,3629,,,,0.05170039087533951,,,
14,3634,,,,0.05463438481092453,,,
14,3639,,,,0.045619070529937744,,,
14,3644,,,,0.0746593177318573,,,
14,3649,,,,0.07213964313268661,,,
14,3654,,,,0.09904402494430542,,,
14,3659,,,,0.03857511654496193,,,
14,3664,,,,0.11463391035795212,,,
14,3669,,,,0.06384792178869247,,,
14,3674,,,,0.08910870552062988,,,
14,3679,,,,0.0701165646314621,,,
14,3684,,,,0.013136141002178192,,,
14,3689,,,,0.11606051027774811,,,
14,3694,,,,0.04988980293273926,,,
14,3699,,,,0.04799380525946617,,,
14,3704,,,,0.027269413694739342,,,
14,3709,,,,0.0206157136708498,,,
14,3714,,,,0.045563992112874985,,,
14,3719,,,,0.05412454903125763,,,
14,3724,,,,0.06817977130413055,,,
14,3729,,,,0.10587601363658905,,,
14,3734,,,,0.045064233243465424,,,
14,3739,,,,0.011512831784784794,,,
14,3744,,,,0.025488747283816338,,,
14,3749,,,,0.130160391330719,,,
14,3749,,,,,,0.084287628531456,0.029454749077558517
14,3749,,,0.0660005584359169,,0.03325729817152023,,
15,3754,,,,0.08140288293361664,,,
15,3759,,,,0.09658028930425644,,,
15,3764,,,,0.030480321496725082,,,
15,3769,,,,0.0745643824338913,,,
15,3774,,,,0.01508645061403513,,,
15,3779,,,,0.04572596773505211,,,
15,3784,,,,0.053783856332302094,,,
15,3789,,,,0.15551811456680298,,,
15,3794,,,,0.09175039827823639,,,
15,3799,,,,0.10778991132974625,,,
15,3804,,,,0.04494950547814369,,,
15,3809,,,,0.032484233379364014,,,
15,3814,,,,0.06438298523426056,,,
15,3819,,,,0.060760509222745895,,,
15,3824,,,,0.054345905780792236,,,
15,3829,,,,0.05336271598935127,,,
15,3834,,,,0.05198848992586136,,,
15,3839,,,,0.05303330346941948,,,
15,3844,,,,0.1407904326915741,,,
15,3849,,,,0.07807987928390503,,,
15,3854,,,,0.04655424505472183,,,
15,3859,,,,0.009001054801046848,,,
15,3864,,,,0.08869001269340515,,,
15,3869,,,,0.058817632496356964,,,
15,3874,,,,0.09258817136287689,,,
15,3879,,,,0.019424645230174065,,,
15,3884,,,,0.02109609730541706,,,
15,3889,,,,0.10847748070955276,,,
15,3894,,,,0.05361343175172806,,,
15,3899,,,,0.06042952463030815,,,
15,3904,,,,0.08982397615909576,,,
15,3909,,,,0.06589853018522263,,,
15,3914,,,,0.06549839675426483,,,
15,3919,,,,0.036100853234529495,,,
15,3924,,,,0.03112410381436348,,,
15,3929,,,,0.05111727491021156,,,
15,3934,,,,0.12752413749694824,,,
15,3939,,,,0.07521519809961319,,,
15,3944,,,,0.0805729478597641,,,
15,3949,,,,0.0663423016667366,,,
15,3954,,,,0.04843377321958542,,,
15,3959,,,,0.05736194923520088,,,
15,3964,,,,0.12009409070014954,,,
15,3969,,,,0.03431481122970581,,,
15,3974,,,,0.14458413422107697,,,
15,3979,,,,0.0893220603466034,,,
15,3984,,,,0.07530076056718826,,,
15,3989,,,,0.07261594384908676,,,
15,3994,,,,0.061550673097372055,,,
15,3999,,,,0.07347724586725235,,,
15,3999,,,,,,0.06837315112352371,0.0287692341953516
15,3999,,,0.06644808501005173,,0.03327849134802818,,
16,4004,,,,0.031877752393484116,,,
16,4009,,,,0.10673248767852783,,,
16,4014,,,,0.08611388504505157,,,
16,4019,,,,0.06444912403821945,,,
16,4024,,,,0.08395573496818542,,,
16,4029,,,,0.08608996123075485,,,
16,4034,,,,0.07883250713348389,,,
16,4039,,,,0.06778163462877274,,,
16,4044,,,,0.12981142103672028,,,
16,4049,,,,0.07586050033569336,,,
16,4054,,,,0.06471031159162521,,,
16,4059,,,,0.06223144009709358,,,
16,4064,,,,0.05731232836842537,,,
16,4069,,,,0.028884682804346085,,,
16,4074,,,,0.026763204485177994,,,
16,4079,,,,0.0598086453974247,,,
16,4084,,,,0.031596604734659195,,,
16,4089,,,,0.07722435146570206,,,
16,4094,,,,0.04392863065004349,,,
16,4099,,,,0.05986042693257332,,,
16,4104,,,,0.03110511600971222,,,
16,4109,,,,0.02329282835125923,,,
16,4114,,,,0.11857368052005768,,,
16,4119,,,,0.07927632331848145,,,
16,4124,,,,0.03451911732554436,,,
16,4129,,,,0.04616319388151169,,,
16,4134,,,,0.0863085389137268,,,
16,4139,,,,0.026886405423283577,,,
16,4144,,,,0.11556117236614227,,,
16,4149,,,,0.04229259863495827,,,
16,4154,,,,0.03416617587208748,,,
16,4159,,,,0.08616365492343903,,,
16,4164,,,,0.06689666956663132,,,
16,4169,,,,0.024651290848851204,,,
16,4174,,,,0.05359566956758499,,,
16,4179,,,,0.0485055185854435,,,
16,4184,,,,0.07598506659269333,,,
16,4189,,,,0.08310502767562866,,,
16,4194,,,,0.06642401963472366,,,
16,4199,,,,0.08452048897743225,,,
16,4204,,,,0.025973573327064514,,,
16,4209,,,,0.07458021491765976,,,
16,4214,,,,0.03463217243552208,,,
16,4219,,,,0.01889735460281372,,,
16,4224,,,,0.04862380772829056,,,
16,4229,,,,0.10251499712467194,,,
16,4234,,,,0.024944383651018143,,,
16,4239,,,,0.07576829940080643,,,
16,4244,,,,0.10871326178312302,,,
16,4249,,,,0.021639956161379814,,,
16,4249,,,,,,0.04434746876358986,0.02881803549826145
16,4249,,,0.06655675917863846,,0.0332707017660141,,
17,4254,,,,0.05000576004385948,,,
17,4259,,,,0.04535587504506111,,,
17,4264,,,,0.0676451325416565,,,
17,4269,,,,0.0335567481815815,,,
17,4274,,,,0.0603511817753315,,,
17,4279,,,,0.03161489591002464,,,
17,4284,,,,0.04433415085077286,,,
17,4289,,,,0.029729295521974564,,,
17,4294,,,,0.05585741251707077,,,
17,4299,,,,0.05095893144607544,,,
17,4304,,,,0.022970108315348625,,,
17,4309,,,,0.1021391749382019,,,
17,4314,,,,0.04348970204591751,,,
17,4319,,,,0.04023442044854164,,,
17,4324,,,,0.049621231853961945,,,
17,4329,,,,0.10960564017295837,,,
17,4334,,,,0.05308600142598152,,,
17,4339,,,,0.11047952622175217,,,
17,4344,,,,0.07701357454061508,,,
17,4349,,,,0.06799484044313431,,,
17,4354,,,,0.08465483039617538,,,
17,4359,,,,0.10207080841064453,,,
17,4364,,,,0.12171537429094315,,,
17,4369,,,,0.05043289065361023,,,
17,4374,,,,0.12930455803871155,,,
17,4379,,,,0.057803258299827576,,,
17,4384,,,,0.029779447242617607,,,
17,4389,,,,0.024942677468061447,,,
17,4394,,,,0.11023837327957153,,,
17,4399,,,,0.08037112653255463,,,
17,4404,,,,0.07075882703065872,,,
17,4409,,,,0.04381890594959259,,,
17,4414,,,,0.015253208577632904,,,
17,4419,,,,0.06814775615930557,,,
17,4424,,,,0.02133069932460785,,,
17,4429,,,,0.10224757343530655,,,
17,4434,,,,0.03630784526467323,,,
17,4439,,,,0.08104128390550613,,,
17,4444,,,,0.06821876019239426,,,
17,4449,,,,0.05836150050163269,,,
17,4454,,,,0.03700241073966026,,,
17,4459,,,,0.02711443603038788,,,
17,4464,,,,0.08190806210041046,,,
17,4469,,,,0.09447558224201202,,,
17,4474,,,,0.08947882056236267,,,
17,4479,,,,0.04967426508665085,,,
17,4484,,,,0.02118532545864582,,,
17,4489,,,,0.04403574764728546,,,
17,4494,,,,0.024117486551404,,,
17,4499,,,,0.102869912981987,,,
17,4499,,,,,,0.07726910710334778,0.029081916436553
17,4499,,,0.0656089335680008,,0.03321179002523422,,
18,4504,,,,0.025754306465387344,,,
18,4509,,,,0.08021321147680283,,,
18,4514,,,,0.07783682644367218,,,
18,4519,,,,0.050079476088285446,,,
18,4524,,,,0.033138494938611984,,,
18,4529,,,,0.05141596496105194,,,
18,4534,,,,0.07779659330844879,,,
18,4539,,,,0.0704789012670517,,,
18,4544,,,,0.07089337706565857,,,
18,4549,,,,0.039687272161245346,,,
18,4554,,,,0.10353058576583862,,,
18,4559,,,,0.03430650010704994,,,
18,4564,,,,0.06787270307540894,,,
18,4569,,,,0.07427875697612762,,,
18,4574,,,,0.050380490720272064,,,
18,4579,,,,0.06301853805780411,,,
18,4584,,,,0.07640325278043747,,,
18,4589,,,,0.08413400501012802,,,
18,4594,,,,0.1395462453365326,,,
18,4599,,,,0.07175102084875107,,,
18,4604,,,,0.04204637184739113,,,
18,4609,,,,0.033485766500234604,,,
18,4614,,,,0.11750539392232895,,,
18,4619,,,,0.059457845985889435,,,
18,4624,,,,0.07598796486854553,,,
18,4629,,,,0.06654910743236542,,,
18,4634,,,,0.07840396463871002,,,
18,4639,,,,0.09415677934885025,,,
18,4644,,,,0.05449790880084038,,,
18,4649,,,,0.11182298511266708,,,
18,4654,,,,0.0826524943113327,,,
18,4659,,,,0.07189559191465378,,,
18,4664,,,,0.04330655559897423,,,
18,4669,,,,0.061906106770038605,,,
18,4674,,,,0.12197274714708328,,,
18,4679,,,,0.031967367976903915,,,
18,4684,,,,0.06417282670736313,,,
18,4689,,,,0.09155085682868958,,,
18,4694,,,,0.049724727869033813,,,
18,4699,,,,0.0452229380607605,,,
18,4704,,,,0.009379805065691471,,,
18,4709,,,,0.05077572539448738,,,
18,4714,,,,0.06370165944099426,,,
18,4719,,,,0.02193175069987774,,,
18,4724,,,,0.028123660013079643,,,
18,4729,,,,0.07598208636045456,,,
18,4734,,,,0.08928840607404709,,,
18,4739,,,,0.061243802309036255,,,
18,4744,,,,0.045233115553855896,,,
18,4749,,,,0.06601377576589584,,,
18,4749,,,,,,0.06269986182451248,0.02866317331790924
18,4749,,,0.06631243973970413,,0.033212605863809586,,
19,4754,,,,0.07515384256839752,,,
19,4759,,,,0.043907906860113144,,,
19,4764,,,,0.0766962319612503,,,
19,4769,,,,0.14005273580551147,,,
19,4774,,,,0.09129761159420013,,,
19,4779,,,,0.04425555467605591,,,
19,4784,,,,0.11082042753696442,,,
19,4789,,,,0.01559115294367075,,,
19,4794,,,,0.07061901688575745,,,
19,4799,,,,0.10495950281620026,,,
19,4804,,,,0.042655255645513535,,,
19,4809,,,,0.07194188982248306,,,
19,4814,,,,0.06369383633136749,,,
19,4819,,,,0.12376096844673157,,,
19,4824,,,,0.042755141854286194,,,
19,4829,,,,0.06230182200670242,,,
19,4834,,,,0.029051778838038445,,,
19,4839,,,,0.03931359946727753,,,
19,4844,,,,0.09245678037405014,,,
19,4849,,,,0.05762660503387451,,,
19,4854,,,,0.06969623267650604,,,
19,4859,,,,0.03180594742298126,,,
19,4864,,,,0.07997161149978638,,,
19,4869,,,,0.08087299764156342,,,
19,4874,,,,0.03188706934452057,,,
19,4879,,,,0.07246611267328262,,,
19,4884,,,,0.047839194536209106,,,
19,4889,,,,0.07148732244968414,,,
19,4894,,,,0.015919284895062447,,,
19,4899,,,,0.03460317850112915,,,
19,4904,,,,0.0631602555513382,,,
19,4909,,,,0.03628005087375641,,,
19,4914,,,,0.05925524979829788,,,
19,4919,,,,0.15408247709274292,,,
19,4924,,,,0.08417084813117981,,,
19,4929,,,,0.1254264861345291,,,
19,4934,,,,0.025772185996174812,,,
19,4939,,,,0.05623355507850647,,,
19,4944,,,,0.08515886962413788,,,
19,4949,,,,0.08249683678150177,,,
19,4954,,,,0.03664657846093178,,,
19,4959,,,,0.03491221368312836,,,
19,4964,,,,0.06529097259044647,,,
19,4969,,,,0.05546272173523903,,,
19,4974,,,,0.03884735703468323,,,
19,4979,,,,0.060119569301605225,,,
19,4984,,,,0.12846922874450684,,,
19,4989,,,,0.0829523354768753,,,
19,4994,,,,0.10959192365407944,,,
19,4999,,,,0.09042876213788986,,,
19,4999,,,,,,0.06812192499637604,0.028762999922037125
19,4999,,,0.06614021956920624,,0.03328103572130203,,
20,5004,,,,0.09304476529359818,,,
20,5009,,,,0.048714086413383484,,,
20,5014,,,,0.04800119623541832,,,
20,5019,,,,0.10685218870639801,,,
20,5024,,,,0.04087074473500252,,,
20,5029,,,,0.01966666243970394,,,
20,5034,,,,0.04909074679017067,,,
20,5039,,,,0.06289087235927582,,,
20,5044,,,,0.014198483899235725,,,
20,5049,,,,0.10896478593349457,,,
20,5054,,,,0.056079842150211334,,,
20,5059,,,,0.10372062772512436,,,
20,5064,,,,0.0634082555770874,,,
20,5069,,,,0.0845201388001442,,,
20,5074,,,,0.08658068627119064,,,
20,5079,,,,0.10210838913917542,,,
20,5084,,,,0.06935424357652664,,,
20,5089,,,,0.14574944972991943,,,
20,5094,,,,0.0858972892165184,,,
20,5099,,,,0.05140148475766182,,,
20,5104,,,,0.06667572259902954,,,
20,5109,,,,0.10037845373153687,,,
20,5114,,,,0.04501107707619667,,,
20,5119,,,,0.056599970906972885,,,
20,5124,,,,0.12874647974967957,,,
20,5129,,,,0.03044787235558033,,,
20,5134,,,,0.05754408240318298,,,
20,5139,,,,0.08104058355093002,,,
20,5144,,,,0.054022762924432755,,,
20,5149,,,,0.11550726741552353,,,
20,5154,,,,0.04738566651940346,,,
20,5159,,,,0.014874966815114021,,,
20,5164,,,,0.06146879866719246,,,
20,5169,,,,0.06191820651292801,,,
20,5174,,,,0.01865313947200775,,,
20,5179,,,,0.062374457716941833,,,
20,5184,,,,0.08156533539295197,,,
20,5189,,,,0.03991033509373665,,,
20,5194,,,,0.023159993812441826,,,
20,5199,,,,0.03969884663820267,,,
20,5204,,,,0.051308564841747284,,,
20,5209,,,,0.07295949757099152,,,
20,5214,,,,0.03212656080722809,,,
20,5219,,,,0.009393512271344662,,,
20,5224,,,,0.05997667834162712,,,
20,5229,,,,0.07425564527511597,,,
20,5234,,,,0.05481071397662163,,,
20,5239,,,,0.06071174517273903,,,
20,5244,,,,0.060053177177906036,,,
20,5249,,,,0.016942987218499184,,,
20,5249,,,,,,0.04076201468706131,0.028937114402651787
20,5249,,,0.06647925078868866,,0.03322252631187439,,
21,5254,,,,0.04883601516485214,,,
21,5259,,,,0.05767088383436203,,,
21,5264,,,,0.017918402329087257,,,
21,5269,,,,0.050673242658376694,,,
21,5274,,,,0.0932212546467781,,,
21,5279,,,,0.02280736155807972,,,
21,5284,,,,0.10834786295890808,,,
21,5289,,,,0.09537067264318466,,,
21,5294,,,,0.08312291651964188,,,
21,5299,,,,0.06214871630072594,,,
21,5304,,,,0.13096551597118378,,,
21,5309,,,,0.11542799323797226,,,
21,5314,,,,0.03807218745350838,,,
21,5319,,,,0.08381844311952591,,,
21,5324,,,,0.023438967764377594,,,
21,5329,,,,0.0426463708281517,,,
21,5334,,,,0.05003415420651436,,,
21,5339,,,,0.08815008401870728,,,
21,5344,,,,0.009431999176740646,,,
21,5349,,,,0.1608494520187378,,,
21,5354,,,,0.09038719534873962,,,
21,5359,,,,0.0994790717959404,,,
21,5364,,,,0.06185100972652435,,,
21,5369,,,,0.0392645001411438,,,
21,5374,,,,0.019371045753359795,,,
21,5379,,,,0.053557734936475754,,,
21,5384,,,,0.0461992584168911,,,
21,5389,,,,0.05704513564705849,,,
21,5394,,,,0.13479512929916382,,,
21,5399,,,,0.03921332582831383,,,
21,5404,,,,0.07570292055606842,,,
21,5409,,,,0.046952005475759506,,,
21,5414,,,,0.048869725316762924,,,
21,5419,,,,0.08226128667593002,,,
21,5424,,,,0.1406835913658142,,,
21,5429,,,,0.03992284834384918,,,
21,5434,,,,0.09423831105232239,,,
21,5439,,,,0.017401717603206635,,,
21,5444,,,,0.020632170140743256,,,
21,5449,,,,0.017486201599240303,,,
21,5454,,,,0.12820883095264435,,,
21,5459,,,,0.059188004583120346,,,
21,5464,,,,0.0474344938993454,,,
21,5469,,,,0.05218162387609482,,,
21,5474,,,,0.09002315998077393,,,
21,5479,,,,0.014195814728736877,,,
21,5484,,,,0.06124461069703102,,,
21,5489,,,,0.026408357545733452,,,
21,5494,,,,0.056056711822748184,,,
21,5499,,,,0.07974029332399368,,,
21,5499,,,,,,0.06036791950464249,0.028640659525990486
21,5499,,,0.06579702347517014,,0.033183127641677856,,
22,5504,,,,0.03962528333067894,,,
22,5509,,,,0.04339039325714111,,,
22,5514,,,,0.08858869969844818,,,
22,5519,,,,0.018727749586105347,,,
22,5524,,,,0.08044220507144928,,,
22,5529,,,,0.06109528988599777,,,
22,5534,,,,0.06310194730758667,,,
22,5539,,,,0.07018067687749863,,,
22,5544,,,,0.07623695582151413,,,
22,5549,,,,0.050557009875774384,,,
22,5554,,,,0.10656429827213287,,,
22,5559,,,,0.037768762558698654,,,
22,5564,,,,0.08220405131578445,,,
22,5569,,,,0.06948240101337433,,,
22,5574,,,,0.05175622180104256,,,
22,5579,,,,0.07300449907779694,,,
22,5584,,,,0.07714376598596573,,,
22,5589,,,,0.10482043027877808,,,
22,5594,,,,0.04730967432260513,,,
22,5599,,,,0.04738446697592735,,,
22,5604,,,,0.11845080554485321,,,
22,5609,,,,0.030627842992544174,,,
22,5614,,,,0.030281171202659607,,,
22,5619,,,,0.0810069739818573,,,
22,5624,,,,0.09557797014713287,,,
22,5629,,,,0.0970015823841095,,,
22,5634,,,,0.08761562407016754,,,
22,5639,,,,0.04631849750876427,,,
22,5644,,,,0.12197867035865784,,,
22,5649,,,,0.10103273391723633,,,
22,5654,,,,0.038992371410131454,,,
22,5659,,,,0.022745715454220772,,,
22,5664,,,,0.06151214987039566,,,
22,5669,,,,0.031405847519636154,,,
22,5674,,,,0.04277259111404419,,,
22,5679,,,,0.06305454671382904,,,
22,5684,,,,0.02551582083106041,,,
22,5689,,,,0.10802772641181946,,,
22,5694,,,,0.03358232602477074,,,
22,5699,,,,0.05159953981637955,,,
22,5704,,,,0.09050118923187256,,,
22,5709,,,,0.038091693073511124,,,
22,5714,,,,0.10192221403121948,,,
22,5719,,,,0.0620892308652401,,,
22,5724,,,,0.09176181256771088,,,
22,5729,,,,0.1085842028260231,,,
22,5734,,,,0.08144917339086533,,,
22,5739,,,,0.02074536867439747,,,
22,5744,,,,0.06100454181432724,,,
22,5749,,,,0.12765395641326904,,,
22,5749,,,,,,0.0830700546503067,0.029382087290287018
22,5749,,,0.0659063458442688,,0.033267244696617126,,
23,5754,,,,0.044103220105171204,,,
23,5759,,,,0.08740450441837311,,,
23,5764,,,,0.040910299867391586,,,
23,5769,,,,0.0459568165242672,,,
23,5774,,,,0.024998199194669724,,,
23,5779,,,,0.05751586705446243,,,
23,5784,,,,0.06864974647760391,,,
23,5789,,,,0.0697900727391243,,,
23,5794,,,,0.008799154311418533,,,
23,5799,,,,0.046435270458459854,,,
23,5804,,,,0.11679160594940186,,,
23,5809,,,,0.1194668784737587,,,
23,5814,,,,0.06765324622392654,,,
23,5819,,,,0.03547564521431923,,,
23,5824,,,,0.02296517975628376,,,
23,5829,,,,0.07728797942399979,,,
23,5834,,,,0.10552303493022919,,,
23,5839,,,,0.1013239175081253,,,
23,5844,,,,0.08957484364509583,,,
23,5849,,,,0.09155836701393127,,,
23,5854,,,,0.022440863773226738,,,
23,5859,,,,0.07981207221746445,,,
23,5864,,,,0.10122285038232803,,,
23,5869,,,,0.09339708089828491,,,
23,5874,,,,0.027210786938667297,,,
23,5879,,,,0.1372561752796173,,,
23,5884,,,,0.07668527960777283,,,
23,5889,,,,0.04082951322197914,,,
23,5894,,,,0.09937519580125809,,,
23,5899,,,,0.03170975670218468,,,
23,5904,,,,0.10946971923112869,,,
23,5909,,,,0.06202924624085426,,,
23,5914,,,,0.11511438339948654,,,
23,5919,,,,0.05234185978770256,,,
23,5924,,,,0.05907856673002243,,,
23,5929,,,,0.0819997489452362,,,
23,5934,,,,0.07200439274311066,,,
23,5939,,,,0.022694753482937813,,,
23,5944,,,,0.06947335600852966,,,
23,5949,,,,0.06352898478507996,,,
23,5954,,,,0.04596681147813797,,,
23,5959,,,,0.05146893858909607,,,
23,5964,,,,0.046882834285497665,,,
23,5969,,,,0.06962529569864273,,,
23,5974,,,,0.04770129173994064,,,
23,5979,,,,0.14799541234970093,,,
23,5984,,,,0.03729639947414398,,,
23,5989,,,,0.13609431684017181,,,
23,5994,,,,0.07216767221689224,,,
23,5999,,,,0.020837871357798576,,,
23,5999,,,,,,0.043923377990722656,0.028830604627728462
23,5999,,,0.06674854457378387,,0.033289484679698944,,
24,6004,,,,0.08583053946495056,,,
24,6009,,,,0.03266746923327446,,,
24,6014,,,,0.02292715013027191,,,
24,6019,,,,0.06022096052765846,,,
24,6024,,,,0.041695401072502136,,,
24,6029,,,,0.09835722297430038,,,
24,6034,,,,0.05186042934656143,,,
24,6039,,,,0.054754871875047684,,,
24,6044,,,,0.03656010702252388,,,
24,6049,,,,0.11485199630260468,,,
24,6054,,,,0.04203846678137779,,,
24,6059,,,,0.04187927395105362,,,
24,6064,,,,0.0650901198387146,,,
24,6069,,,,0.0758369192481041,,,
24,6074,,,,0.07444485276937485,,,
24,6079,,,,0.05161478370428085,,,
24,6084,,,,0.047329723834991455,,,
24,6089,,,,0.08774714171886444,,,
24,6094,,,,0.0638517215847969,,,
24,6099,,,,0.03222152590751648,,,
24,6104,,,,0.03641451895236969,,,
24,6109,,,,0.047467757016420364,,,
24,6114,,,,0.024720994755625725,,,
24,6119,,,,0.11479900777339935,,,
24,6124,,,,0.19203895330429077,,,
24,6129,,,,0.07248043268918991,,,
24,6134,,,,0.1155688464641571,,,
24,6139,,,,0.11791832000017166,,,
24,6144,,,,0.09572308510541916,,,
24,6149,,,,0.053448960185050964,,,
24,6154,,,,0.04831302911043167,,,
24,6159,,,,0.09307188540697098,,,
24,6164,,,,0.10440461337566376,,,
24,6169,,,,0.050469957292079926,,,
24,6174,,,,0.060908183455467224,,,
24,6179,,,,0.06658313423395157,,,
24,6184,,,,0.10897503793239594,,,
24,6189,,,,0.09080792218446732,,,
24,6194,,,,0.06045684963464737,,,
24,6199,,,,0.023470165207982063,,,
24,6204,,,,0.04311651363968849,,,
24,6209,,,,0.09426572918891907,,,
24,6214,,,,0.025238322094082832,,,
24,6219,,,,0.05655252933502197,,,
24,6224,,,,0.02969987690448761,,,
24,6229,,,,0.14106598496437073,,,
24,6234,,,,0.07763954997062683,,,
24,6239,,,,0.05588393658399582,,,
24,6244,,,,0.058804892003536224,,,
24,6249,,,,0.03607437387108803,,,
24,6249,,,,,,0.0541200116276741,0.028640883043408394
24,6249,,,0.06606123596429825,,0.03327510878443718,,
25,6254,,,,0.12678128480911255,,,
25,6259,,,,0.1259382665157318,,,
25,6264,,,,0.06637614965438843,,,
25,6269,,,,0.05966632068157196,,,
25,6274,,,,0.0809185802936554,,,
25,6279,,,,0.1506272703409195,,,
25,6284,,,,0.05164393037557602,,,
25,6289,,,,0.04893143102526665,,,
25,6294,,,,0.02251681685447693,,,
25,6299,,,,0.029284609481692314,,,
25,6304,,,,0.0498366579413414,,,
25,6309,,,,0.05729449912905693,,,
25,6314,,,,0.0942842960357666,,,
25,6319,,,,0.08643743395805359,,,
25,6324,,,,0.03495531156659126,,,
25,6329,,,,0.012815757654607296,,,
25,6334,,,,0.03165990114212036,,,
25,6339,,,,0.09506107866764069,,,
25,6344,,,,0.06125783175230026,,,
25,6349,,,,0.06823994219303131,,,
25,6354,,,,0.031815510243177414,,,
25,6359,,,,0.019448891282081604,,,
25,6364,,,,0.05749410763382912,,,
25,6369,,,,0.06299089640378952,,,
25,6374,,,,0.0536978542804718,,,
25,6379,,,,0.0899437665939331,,,
25,6384,,,,0.05091134086251259,,,
25,6389,,,,0.014919944107532501,,,
25,6394,,,,0.045178093016147614,,,
25,6399,,,,0.0385100431740284,,,
25,6404,,,,0.10350769758224487,,,
25,6409,,,,0.04195326194167137,,,
25,6414,,,,0.15033936500549316,,,
25,6419,,,,0.05715334787964821,,,
25,6424,,,,0.03665792942047119,,,
25,6429,,,,0.05885068699717522,,,
25,6434,,,,0.0745002031326294,,,
25,6439,,,,0.10585382580757141,,,
25,6444,,,,0.04175574332475662,,,
25,6449,,,,0.06650172919034958,,,
25,6454,,,,0.04968426004052162,,,
25,6459,,,,0.0730486512184143,,,
25,6464,,,,0.06630399823188782,,,
25,6469,,,,0.06168898195028305,,,
25,6474,,,,0.020653115585446358,,,
25,6479,,,,0.033492472022771835,,,
25,6484,,,,0.1022956445813179,,,
25,6489,,,,0.058055464178323746,,,
25,6494,,,,0.024509089067578316,,,
25,6499,,,,0.06902053207159042,,,
25,6499,,,,,,0.06499053537845612,0.028697246685624123
25,6499,,,0.06600470095872879,,0.03321951627731323,,
26,6504,,,,0.1017286404967308,,,
26,6509,,,,0.10366645455360413,,,
26,6514,,,,0.1561965048313141,,,
26,6519,,,,0.02523006685078144,,,
26,6524,,,,0.051364049315452576,,,
26,6529,,,,0.006191933527588844,,,
26,6534,,,,0.051319319754838943,,,
26,6539,,,,0.03338053449988365,,,
26,6544,,,,0.05926549434661865,,,
26,6549,,,,0.10221969336271286,,,
26,6554,,,,0.055035896599292755,,,
26,6559,,,,0.08860094845294952,,,
26,6564,,,,0.08578009903430939,,,
26,6569,,,,0.13097064197063446,,,
26,6574,,,,0.07159366458654404,,,
26,6579,,,,0.0519709587097168,,,
26,6584,,,,0.11683188378810883,,,
26,6589,,,,0.09898030757904053,,,
26,6594,,,,0.1070689857006073,,,
26,6599,,,,0.0989353209733963,,,
26,6604,,,,0.12337867170572281,,,
26,6609,,,,0.022127114236354828,,,
26,6614,,,,0.09726224839687347,,,
26,6619,,,,0.062291599810123444,,,
26,6624,,,,0.05104381591081619,,,
26,6629,,,,0.04205108806490898,,,
26,6634,,,,0.024628518149256706,,,
26,6639,,,,0.09077231585979462,,,
26,6644,,,,0.07651946693658829,,,
26,6649,,,,0.05896243453025818,,,
26,6654,,,,0.07512293010950089,,,
26,6659,,,,0.021576784551143646,,,
26,6664,,,,0.08236023783683777,,,
26,6669,,,,0.12407109141349792,,,
26,6674,,,,0.0840650349855423,,,
26,6679,,,,0.035574059933423996,,,
26,6684,,,,0.11001896858215332,,,
26,6689,,,,0.18211513757705688,,,
26,6694,,,,0.0804210901260376,,,
26,6699,,,,0.02900090627372265,,,
26,6704,,,,0.06223266199231148,,,
26,6709,,,,0.05536261200904846,,,
26,6714,,,,0.07126933336257935,,,
26,6719,,,,0.04430815950036049,,,
26,6724,,,,0.07281366735696793,,,
26,6729,,,,0.07312638312578201,,,
26,6734,,,,0.07943244278430939,,,
26,6739,,,,0.023685943335294724,,,
26,6744,,,,0.02115705795586109,,,
26,6749,,,,0.10949096083641052,,,
26,6749,,,,,,0.06805476546287537,0.028761355206370354
26,6749,,,0.06610624492168427,,0.03324207663536072,,
27,6754,,,,0.0460607074201107,,,
27,6759,,,,0.053654372692108154,,,
27,6764,,,,0.09550260752439499,,,
27,6769,,,,0.11229857802391052,,,
27,6774,,,,0.0720624178647995,,,
27,6779,,,,0.03795931115746498,,,
27,6784,,,,0.017591802403330803,,,
27,6789,,,,0.01700548268854618,,,
27,6794,,,,0.05523427575826645,,,
27,6799,,,,0.06786248832941055,,,
27,6804,,,,0.0560319684445858,,,
27,6809,,,,0.0738288164138794,,,
27,6814,,,,0.060302600264549255,,,
27,6819,,,,0.054542794823646545,,,
27,6824,,,,0.06078023463487625,,,
27,6829,,,,0.03222645819187164,,,
27,6834,,,,0.09068779647350311,,,
27,6839,,,,0.07436925172805786,,,
27,6844,,,,0.03711102902889252,,,
27,6849,,,,0.04671787843108177,,,
27,6854,,,,0.16295930743217468,,,
27,6859,,,,0.03957107290625572,,,
27,6864,,,,0.033784713596105576,,,
27,6869,,,,0.02633693441748619,,,
27,6874,,,,0.11504058539867401,,,
27,6879,,,,0.08379101753234863,,,
27,6884,,,,0.06415118277072906,,,
27,6889,,,,0.04557967558503151,,,
27,6894,,,,0.11417073756456375,,,
27,6899,,,,0.07755348086357117,,,
27,6904,,,,0.07383245974779129,,,
27,6909,,,,0.05865626037120819,,,
27,6914,,,,0.06199311465024948,,,
27,6919,,,,0.06963604688644409,,,
27,6924,,,,0.059055931866168976,,,
27,6929,,,,0.04084034636616707,,,
27,6934,,,,0.05703872814774513,,,
27,6939,,,,0.0799519419670105,,,
27,6944,,,,0.03628681227564812,,,
27,6949,,,,0.01854543387889862,,,
27,6954,,,,0.09491239488124847,,,
27,6959,,,,0.055482588708400726,,,
27,6964,,,,0.09317484498023987,,,
27,6969,,,,0.03532307222485542,,,
27,6974,,,,0.038811735808849335,,,
27,6979,,,,0.02473783679306507,,,
27,6984,,,,0.1216438040137291,,,
27,6989,,,,0.09613869339227676,,,
27,6994,,,,0.026651544496417046,,,
27,6999,,,,0.020514152944087982,,,
27,6999,,,,,,0.04244420677423477,0.028877634555101395
27,6999,,,0.0664866492152214,,0.033227793872356415,,
28,7004,,,,0.04030304402112961,,,
28,7009,,,,0.05945661664009094,,,
28,7014,,,,0.09243038296699524,,,
28,7019,,,,0.06002222001552582,,,
28,7024,,,,0.1595713496208191,,,
28,7029,,,,0.09731227904558182,,,
28,7034,,,,0.023126378655433655,,,
28,7039,,,,0.06232947111129761,,,
28,7044,,,,0.08875460177659988,,,
28,7049,,,,0.05253069847822189,,,
28,7054,,,,0.05850645527243614,,,
28,7059,,,,0.10011935234069824,,,
28,7064,,,,0.055839087814092636,,,
28,7069,,,,0.08878634124994278,,,
28,7074,,,,0.039815325289964676,,,
28,7079,,,,0.07323206961154938,,,
28,7084,,,,0.028867576271295547,,,
28,7089,,,,0.03523226082324982,,,
28,7094,,,,0.03400377929210663,,,
28,7099,,,,0.04691271111369133,,,
28,7104,,,,0.05971337854862213,,,
28,7109,,,,0.05748533084988594,,,
28,7114,,,,0.031301915645599365,,,
28,7119,,,,0.04595652595162392,,,
28,7124,,,,0.02549031749367714,,,
28,7129,,,,0.012422450818121433,,,
28,7134,,,,0.03238600119948387,,,
28,7139,,,,0.09600893408060074,,,
28,7144,,,,0.04069364070892334,,,
28,7149,,,,0.06895920634269714,,,
28,7154,,,,0.02692902274429798,,,
28,7159,,,,0.07338710874319077,,,
28,7164,,,,0.0779968798160553,,,
28,7169,,,,0.0847129225730896,,,
28,7174,,,,0.12255974858999252,,,
28,7179,,,,0.08241643011569977,,,
28,7184,,,,0.061195410788059235,,,
28,7189,,,,0.07920512557029724,,,
28,7194,,,,0.034000739455223083,,,
28,7199,,,,0.06922169774770737,,,
28,7204,,,,0.07606133073568344,,,
28,7209,,,,0.06192472204566002,,,
28,7214,,,,0.06691515445709229,,,
28,7219,,,,0.07178186625242233,,,
28,7224,,,,0.10489077866077423,,,
28,7229,,,,0.07370032370090485,,,
28,7234,,,,0.03964725509285927,,,
28,7239,,,,0.046532418578863144,,,
28,7244,,,,0.04214214161038399,,,
28,7249,,,,0.09307006001472473,,,
28,7249,,,,,,0.0699477344751358,0.028811566531658173
28,7249,,,0.06585158407688141,,0.03327430039644241,,
29,7254,,,,0.07442188262939453,,,
29,7259,,,,0.0690859779715538,,,
29,7264,,,,0.07740048319101334,,,
29,7269,,,,0.06362856924533844,,,
29,7274,,,,0.1091272309422493,,,
29,7279,,,,0.05913963541388512,,,
29,7284,,,,0.023687593638896942,,,
29,7289,,,,0.08375196158885956,,,
29,7294,,,,0.05267906188964844,,,
29,7299,,,,0.06332927197217941,,,
29,7304,,,,0.031202031299471855,,,
29,7309,,,,0.017929354682564735,,,
29,7314,,,,0.06476078927516937,,,
29,7319,,,,0.2083531618118286,,,
29,7324,,,,0.07452130317687988,,,
29,7329,,,,0.04206538572907448,,,
29,7334,,,,0.09075671434402466,,,
29,7339,,,,0.10364320874214172,,,
29,7344,,,,0.043664418160915375,,,
29,7349,,,,0.019618278369307518,,,
29,7354,,,,0.10907354205846786,,,
29,7359,,,,0.08275949954986572,,,
29,7364,,,,0.06039441376924515,,,
29,7369,,,,0.05976780503988266,,,
29,7374,,,,0.09252770245075226,,,
29,7379,,,,0.06869213283061981,,,
29,7384,,,,0.030849184840917587,,,
29,7389,,,,0.03846335411071777,,,
29,7394,,,,0.08790124952793121,,,
29,7399,,,,0.05800175294280052,,,
29,7404,,,,0.06371964514255524,,,
29,7409,,,,0.08090297877788544,,,
29,7414,,,,0.025269893929362297,,,
29,7419,,,,0.023360516875982285,,,
29,7424,,,,0.007220120169222355,,,
29,7429,,,,0.05474530905485153,,,
29,7434,,,,0.12748414278030396,,,
29,7439,,,,0.062105823308229446,,,
29,7444,,,,0.09059545397758484,,,
29,7449,,,,0.1125226691365242,,,
29,7454,,,,0.05652204528450966,,,
29,7459,,,,0.016530083492398262,,,
29,7464,,,,0.04276478663086891,,,
29,7469,,,,0.0683123767375946,,,
29,7474,,,,0.05477391928434372,,,
29,7479,,,,0.11928769201040268,,,
29,7484,,,,0.03372747823596001,,,
29,7489,,,,0.1104147732257843,,,
29,7494,,,,0.07882213592529297,,,
29,7499,,,,0.07049532979726791,,,
29,7499,,,,,,0.0662354901432991,0.028720734640955925
29,7499,,,0.06619065254926682,,0.03326099365949631,,
30,7504,,,,0.04799765348434448,,,
30,7509,,,,0.03823692724108696,,,
30,7514,,,,0.08621774613857269,,,
30,7519,,,,0.10757376253604889,,,
30,7524,,,,0.03265857696533203,,,
30,7529,,,,0.011393009684979916,,,
30,7534,,,,0.0627310648560524,,,
30,7539,,,,0.12123121321201324,,,
30,7544,,,,0.12004866451025009,,,
30,7549,,,,0.08434182405471802,,,
30,7554,,,,0.04309719055891037,,,
30,7559,,,,0.09213502705097198,,,
30,7564,,,,0.1116815060377121,,,
30,7569,,,,0.06310366839170456,,,
30,7574,,,,0.037967193871736526,,,
30,7579,,,,0.09678873419761658,,,
30,7584,,,,0.02515396848320961,,,
30,7589,,,,0.04486218839883804,,,
30,7594,,,,0.09327320754528046,,,
30,7599,,,,0.03471985086798668,,,
30,7604,,,,0.09325768053531647,,,
30,7609,,,,0.06509880721569061,,,
30,7614,,,,0.01798115484416485,,,
30,7619,,,,0.07781672477722168,,,
30,7624,,,,0.060194019228219986,,,
30,7629,,,,0.04861772432923317,,,
30,7634,,,,0.1063133031129837,,,
30,7639,,,,0.07026471942663193,,,
30,7644,,,,0.08653154969215393,,,
30,7649,,,,0.052322886884212494,,,
30,7654,,,,0.12566065788269043,,,
30,7659,,,,0.01457655243575573,,,
30,7664,,,,0.04876766353845596,,,
30,7669,,,,0.07592706382274628,,,
30,7674,,,,0.11895999312400818,,,
30,7679,,,,0.07865870743989944,,,
30,7684,,,,0.028875814750790596,,,
30,7689,,,,0.09965445101261139,,,
30,7694,,,,0.049620602279901505,,,
30,7699,,,,0.04038263484835625,,,
30,7704,,,,0.0937289297580719,,,
30,7709,,,,0.05102825164794922,,,
30,7714,,,,0.0855332538485527,,,
30,7719,,,,0.06249282509088516,,,
30,7724,,,,0.021253306418657303,,,
30,7729,,,,0.03776620328426361,,,
30,7734,,,,0.04748266562819481,,,
30,7739,,,,0.011294634081423283,,,
30,7744,,,,0.0228629931807518,,,
30,7749,,,,0.11343665421009064,,,
30,7749,,,,,,0.07188770174980164,0.028871402144432068
30,7749,,,0.06605004519224167,,0.03322487324476242,,
31,7754,,,,0.056922078132629395,,,
31,7759,,,,0.022220779210329056,,,
31,7764,,,,0.10447179526090622,,,
31,7769,,,,0.0939650684595108,,,
31,7774,,,,0.06911982595920563,,,
31,7779,,,,0.033248160034418106,,,
31,7784,,,,0.09669938683509827,,,
31,7789,,,,0.02359420247375965,,,
31,7794,,,,0.07840126752853394,,,
31,7799,,,,0.014933273196220398,,,
31,7804,,,,0.028695371001958847,,,
31,7809,,,,0.04459582269191742,,,
31,7814,,,,0.06465546041727066,,,
31,7819,,,,0.030385462567210197,,,
31,7824,,,,0.03320198878645897,,,
31,7829,,,,0.03521363064646721,,,
31,7834,,,,0.051896560937166214,,,
31,7839,,,,0.03473829850554466,,,
31,7844,,,,0.04846859723329544,,,
31,7849,,,,0.024699432775378227,,,
31,7854,,,,0.013652785681188107,,,
31,7859,,,,0.06884144991636276,,,
31,7864,,,,0.033545494079589844,,,
31,7869,,,,0.10596401989459991,,,
31,7874,,,,0.06161927431821823,,,
31,7879,,,,0.04075971245765686,,,
31,7884,,,,0.09286028891801834,,,
31,7889,,,,0.10227993130683899,,,
31,7894,,,,0.02624061517417431,,,
31,7899,,,,0.07185718417167664,,,
31,7904,,,,0.04594901204109192,,,
31,7909,,,,0.08020977675914764,,,
31,7914,,,,0.05082524195313454,,,
31,7919,,,,0.02960065007209778,,,
31,7924,,,,0.021102644503116608,,,
31,7929,,,,0.060289300978183746,,,
31,7934,,,,0.09373996406793594,,,
31,7939,,,,0.1053554117679596,,,
31,7944,,,,0.10713501274585724,,,
31,7949,,,,0.07458276301622391,,,
31,7954,,,,0.06679024547338486,,,
31,7959,,,,0.07186844944953918,,,
31,7964,,,,0.05299968272447586,,,
31,7969,,,,0.04648840054869652,,,
31,7974,,,,0.08757536113262177,,,
31,7979,,,,0.04669845476746559,,,
31,7984,,,,0.07553640753030777,,,
31,7989,,,,0.11826755106449127,,,
31,7994,,,,0.06551438570022583,,,
31,7999,,,,0.07240524888038635,,,
31,7999,,,,,,0.06747569143772125,0.028747614473104477
31,7999,,,0.06620079278945923,,0.033256642520427704,,
32,8004,,,,0.022834785282611847,,,
32,8009,,,,0.0436629019677639,,,
32,8014,,,,0.018856870010495186,,,
32,8019,,,,0.07922796905040741,,,
32,8024,,,,0.07497797906398773,,,
32,8029,,,,0.0948048010468483,,,
32,8034,,,,0.07099608331918716,,,
32,8039,,,,0.03915846720337868,,,
32,8044,,,,0.03806371986865997,,,
32,8049,,,,0.0861176922917366,,,
32,8054,,,,0.03419953212141991,,,
32,8059,,,,0.03417819365859032,,,
32,8064,,,,0.07551290094852448,,,
32,8069,,,,0.06569594144821167,,,
32,8074,,,,0.08195970952510834,,,
32,8079,,,,0.059757281094789505,,,
32,8084,,,,0.06291020661592484,,,
32,8089,,,,0.029901040717959404,,,
32,8094,,,,0.08075611293315887,,,
32,8099,,,,0.04757540300488472,,,
32,8104,,,,0.07670558989048004,,,
32,8109,,,,0.02923845872282982,,,
32,8114,,,,0.07503535598516464,,,
32,8119,,,,0.08816886693239212,,,
32,8124,,,,0.08181769400835037,,,
32,8129,,,,0.04540643095970154,,,
32,8134,,,,0.15121617913246155,,,
32,8139,,,,0.09133787453174591,,,
32,8144,,,,0.04017927125096321,,,
32,8149,,,,0.04254191741347313,,,
32,8154,,,,0.10105864703655243,,,
32,8159,,,,0.023413270711898804,,,
32,8164,,,,0.08639427274465561,,,
32,8169,,,,0.08727492392063141,,,
32,8174,,,,0.11593956500291824,,,
32,8179,,,,0.1300577074289322,,,
32,8184,,,,0.08581823110580444,,,
32,8189,,,,0.14457657933235168,,,
32,8194,,,,0.07508809864521027,,,
32,8199,,,,0.08947905898094177,,,
32,8204,,,,0.051824599504470825,,,
32,8209,,,,0.018797965720295906,,,
32,8214,,,,0.08605126291513443,,,
32,8219,,,,0.018650351092219353,,,
32,8224,,,,0.06568089872598648,,,
32,8229,,,,0.02095711976289749,,,
32,8234,,,,0.07341812551021576,,,
32,8239,,,,0.17136722803115845,,,
32,8244,,,,0.07747463136911392,,,
32,8249,,,,0.08431901037693024,,,
32,8249,,,,,,0.0759337767958641,0.029023585841059685
32,8249,,,0.06603081524372101,,0.03323376923799515,,
33,8254,,,,0.031373392790555954,,,
33,8259,,,,0.06818566471338272,,,
33,8264,,,,0.04619671404361725,,,
33,8269,,,,0.05064449459314346,,,
33,8274,,,,0.016927001997828484,,,
33,8279,,,,0.06569431722164154,,,
33,8284,,,,0.033549580723047256,,,
33,8289,,,,0.08497443795204163,,,
33,8294,,,,0.05015244334936142,,,
33,8299,,,,0.12990017235279083,,,
33,8304,,,,0.14669300615787506,,,
33,8309,,,,0.16045677661895752,,,
33,8314,,,,0.08954782783985138,,,
33,8319,,,,0.09650877863168716,,,
33,8324,,,,0.09630893170833588,,,
33,8329,,,,0.045630548149347305,,,
33,8334,,,,0.041799359023571014,,,
33,8339,,,,0.0709528997540474,,,
33,8344,,,,0.06643809378147125,,,
33,8349,,,,0.0924382135272026,,,
33,8354,,,,0.06027205288410187,,,
33,8359,,,,0.008273043669760227,,,
33,8364,,,,0.03693091869354248,,,
33,8369,,,,0.1010364294052124,,,
33,8374,,,,0.08547438681125641,,,
33,8379,,,,0.024879856035113335,,,
33,8384,,,,0.030602309852838516,,,
33,8389,,,,0.10608404874801636,,,
33,8394,,,,0.11345663666725159,,,
33,8399,,,,0.08731868118047714,,,
33,8404,,,,0.043414413928985596,,,
33,8409,,,,0.068330779671669,,,
33,8414,,,,0.04661719873547554,,,
33,8419,,,,0.03479290381073952,,,
33,8424,,,,0.06395755708217621,,,
33,8429,,,,0.09240252524614334,,,
33,8434,,,,0.10206209123134613,,,
33,8439,,,,0.03461970388889313,,,
33,8444,,,,0.04365893080830574,,,
33,8449,,,,0.11283120512962341,,,
33,8454,,,,0.0223673265427351,,,
33,8459,,,,0.12224587798118591,,,
33,8464,,,,0.048479385673999786,,,
33,8469,,,,0.05475921556353569,,,
33,8474,,,,0.0782170370221138,,,
33,8479,,,,0.08161401748657227,,,
33,8484,,,,0.09514125436544418,,,
33,8489,,,,0.02249748818576336,,,
33,8494,,,,0.0876474380493164,,,
33,8499,,,,0.09201692044734955,,,
33,8499,,,,,,0.06895431876182556,0.028784211724996567
33,8499,,,0.06626782566308975,,0.033265016973018646,,
34,8504,,,,0.06730382889509201,,,
34,8509,,,,0.08186578750610352,,,
34,8514,,,,0.07314193993806839,,,
34,8519,,,,0.0676107108592987,,,
34,8524,,,,0.07927313446998596,,,
34,8529,,,,0.043068818747997284,,,
34,8534,,,,0.023324402049183846,,,
34,8539,,,,0.10599173605442047,,,
34,8544,,,,0.06916577368974686,,,
34,8549,,,,0.014135284349322319,,,
34,8554,,,,0.09573903679847717,,,
34,8559,,,,0.04880056157708168,,,
34,8564,,,,0.12567858397960663,,,
34,8569,,,,0.04311037436127663,,,
34,8574,,,,0.15185785293579102,,,
34,8579,,,,0.02863713726401329,,,
34,8584,,,,0.08471138775348663,,,
34,8589,,,,0.06991018354892731,,,
34,8594,,,,0.12171018868684769,,,
34,8599,,,,0.05888979882001877,,,
34,8604,,,,0.057837869971990585,,,
34,8609,,,,0.06088830530643463,,,
34,8614,,,,0.0369989313185215,,,
34,8619,,,,0.12593699991703033,,,
34,8624,,,,0.04773041605949402,,,
34,8629,,,,0.040779177099466324,,,
34,8634,,,,0.06846204400062561,,,
34,8639,,,,0.1277894824743271,,,
34,8644,,,,0.09075894951820374,,,
34,8649,,,,0.021652482450008392,,,
34,8654,,,,0.05372953414916992,,,
34,8659,,,,0.08991864323616028,,,
34,8664,,,,0.035557568073272705,,,
34,8669,,,,0.08263647556304932,,,
34,8674,,,,0.07619348913431168,,,
34,8679,,,,0.04984121024608612,,,
34,8684,,,,0.08971995115280151,,,
34,8689,,,,0.1165364682674408,,,
34,8694,,,,0.07015052437782288,,,
34,8699,,,,0.05012114718556404,,,
34,8704,,,,0.027911528944969177,,,
34,8709,,,,0.08812080323696136,,,
34,8714,,,,0.10368523001670837,,,
34,8719,,,,0.09609529376029968,,,
34,8724,,,,0.026396436616778374,,,
34,8729,,,,0.08970950543880463,,,
34,8734,,,,0.11753541976213455,,,
34,8739,,,,0.07248406112194061,,,
34,8744,,,,0.0361752063035965,,,
34,8749,,,,0.11329208314418793,,,
34,8749,,,,,,0.07062479853630066,0.0288314800709486
34,8749,,,0.0661715418100357,,0.03328071907162666,,
35,8754,,,,0.06598091870546341,,,
35,8759,,,,0.09137285500764847,,,
35,8764,,,,0.02300327643752098,,,
35,8769,,,,0.06756976246833801,,,
35,8774,,,,0.0952087789773941,,,
35,8779,,,,0.08784766495227814,,,
35,8784,,,,0.03962470591068268,,,
35,8789,,,,0.08318792283535004,,,
35,8794,,,,0.07662549614906311,,,
35,8799,,,,0.09386126697063446,,,
35,8804,,,,0.1262301206588745,,,
35,8809,,,,0.08945296704769135,,,
35,8814,,,,0.01526272390037775,,,
35,8819,,,,0.07464703172445297,,,
35,8824,,,,0.0961301326751709,,,
35,8829,,,,0.08644534647464752,,,
35,8834,,,,0.03412476181983948,,,
35,8839,,,,0.06489866971969604,,,
35,8844,,,,0.05461522191762924,,,
35,8849,,,,0.05086161196231842,,,
35,8854,,,,0.08132486045360565,,,
35,8859,,,,0.022418083623051643,,,
35,8864,,,,0.10578708350658417,,,
35,8869,,,,0.12389643490314484,,,
35,8874,,,,0.06419733166694641,,,
35,8879,,,,0.1295344978570938,,,
35,8884,,,,0.04207700118422508,,,
35,8889,,,,0.07733461260795593,,,
35,8894,,,,0.057224784046411514,,,
35,8899,,,,0.05040828138589859,,,
35,8904,,,,0.037160903215408325,,,
35,8909,,,,0.02046586386859417,,,
35,8914,,,,0.08098652958869934,,,
35,8919,,,,0.03568059206008911,,,
35,8924,,,,0.0400024950504303,,,
35,8929,,,,0.11119239777326584,,,
35,8934,,,,0.05892070010304451,,,
35,8939,,,,0.030946578830480576,,,
35,8944,,,,0.08663778007030487,,,
35,8949,,,,0.06961765885353088,,,
35,8954,,,,0.018248820677399635,,,
35,8959,,,,0.01397391315549612,,,
35,8964,,,,0.07388992607593536,,,
35,8969,,,,0.07638704776763916,,,
35,8974,,,,0.013232714496552944,,,
35,8979,,,,0.03033454529941082,,,
35,8984,,,,0.02864808216691017,,,
35,8989,,,,0.060422495007514954,,,
35,8994,,,,0.08415558189153671,,,
35,8999,,,,0.0511673167347908,,,
35,8999,,,,,,0.06447053700685501,0.028688477352261543
35,8999,,,0.06625118106603622,,0.03329069912433624,,
36,9004,,,,0.019348664209246635,,,
36,9009,,,,0.09049661457538605,,,
36,9014,,,,0.0663520097732544,,,
36,9019,,,,0.08693194389343262,,,
36,9024,,,,0.07654880732297897,,,
36,9029,,,,0.14186379313468933,,,
36,9034,,,,0.05425000563263893,,,
36,9039,,,,0.1543709635734558,,,
36,9044,,,,0.02725427970290184,,,
36,9049,,,,0.11250336468219757,,,
36,9054,,,,0.060371749103069305,,,
36,9059,,,,0.03808610141277313,,,
36,9064,,,,0.06464170664548874,,,
36,9069,,,,0.0803469642996788,,,
36,9074,,,,0.10731206089258194,,,
36,9079,,,,0.0673699676990509,,,
36,9084,,,,0.04680246859788895,,,
36,9089,,,,0.0880487710237503,,,
36,9094,,,,0.05850781500339508,,,
36,9099,,,,0.09600217640399933,,,
36,9104,,,,0.0998392105102539,,,
36,9109,,,,0.05668956786394119,,,
36,9114,,,,0.07423994690179825,,,
36,9119,,,,0.04486909136176109,,,
36,9124,,,,0.038667283952236176,,,
36,9129,,,,0.07186636328697205,,,
36,9134,,,,0.07677701115608215,,,
36,9139,,,,0.04142649099230766,,,
36,9144,,,,0.046868082135915756,,,
36,9149,,,,0.0551016665995121,,,
36,9154,,,,0.059051208198070526,,,
36,9159,,,,0.07648416608572006,,,
36,9164,,,,0.06035742536187172,,,
36,9169,,,,0.09382697939872742,,,
36,9174,,,,0.0741037130355835,,,
36,9179,,,,0.06983412802219391,,,
36,9184,,,,0.09299938380718231,,,
36,9189,,,,0.055876702070236206,,,
36,9194,,,,0.08331046998500824,,,
36,9199,,,,0.09946566820144653,,,
36,9204,,,,0.04818234592676163,,,
36,9209,,,,0.11456627398729324,,,
36,9214,,,,0.12315252423286438,,,
36,9219,,,,0.05465200915932655,,,
36,9224,,,,0.04494968429207802,,,
36,9229,,,,0.07528981566429138,,,
36,9234,,,,0.026114333420991898,,,
36,9239,,,,0.013831631280481815,,,
36,9244,,,,0.04680538550019264,,,
36,9249,,,,0.058867424726486206,,,
36,9249,,,,,,0.06827859580516815,0.028766872361302376
36,9249,,,0.06616659462451935,,0.0332544669508934,,
37,9254,,,,0.07681906223297119,,,
37,9259,,,,0.06089601665735245,,,
37,9264,,,,0.1299477368593216,,,
37,9269,,,,0.09547650814056396,,,
37,9274,,,,0.1046219915151596,,,
37,9279,,,,0.041137102991342545,,,
37,9284,,,,0.030740078538656235,,,
37,9289,,,,0.05528574436903,,,
37,9294,,,,0.043683916330337524,,,
37,9299,,,,0.03895886614918709,,,
37,9304,,,,0.1031215488910675,,,
37,9309,,,,0.05019170790910721,,,
37,9314,,,,0.09881865233182907,,,
37,9319,,,,0.08952832221984863,,,
37,9324,,,,0.1018332988023758,,,
37,9329,,,,0.12670506536960602,,,
37,9334,,,,0.053053054958581924,,,
37,9339,,,,0.08514231443405151,,,
37,9344,,,,0.012712804600596428,,,
37,9349,,,,0.05784306675195694,,,
37,9354,,,,0.03266109526157379,,,
37,9359,,,,0.05824553966522217,,,
37,9364,,,,0.08420947939157486,,,
37,9369,,,,0.05152493342757225,,,
37,9374,,,,0.02626040205359459,,,
37,9379,,,,0.057770986109972,,,
37,9384,,,,0.020926417782902718,,,
37,9389,,,,0.09265083819627762,,,
37,9394,,,,0.10307623445987701,,,
37,9399,,,,0.062030915170907974,,,
37,9404,,,,0.08583945035934448,,,
37,9409,,,,0.06157886981964111,,,
37,9414,,,,0.08154009282588959,,,
37,9419,,,,0.074648417532444,,,
37,9424,,,,0.09180694818496704,,,
37,9429,,,,0.1130906492471695,,,
37,9434,,,,0.026699112728238106,,,
37,9439,,,,0.06537686288356781,,,
37,9444,,,,0.03876297175884247,,,
37,9449,,,,0.08895744383335114,,,
37,9454,,,,0.07625077664852142,,,
37,9459,,,,0.0945151075720787,,,
37,9464,,,,0.0346350334584713,,,
37,9469,,,,0.06424452364444733,,,
37,9474,,,,0.052227556705474854,,,
37,9479,,,,0.024984028190374374,,,
37,9484,,,,0.07823330909013748,,,
37,9489,,,,0.06080710515379906,,,
37,9494,,,,0.06620988249778748,,,
37,9499,,,,0.10479297488927841,,,
37,9499,,,,,,0.0794280618429184,0.029184753075242043
37,9499,,,0.06608833372592926,,0.03325499966740608,,
38,9504,,,,0.11457232385873795,,,
38,9509,,,,0.12080202251672745,,,
38,9514,,,,0.05113019794225693,,,
38,9519,,,,0.11547282338142395,,,
38,9524,,,,0.0740320160984993,,,
38,9529,,,,0.09721677750349045,,,
38,9534,,,,0.1550213247537613,,,
38,9539,,,,0.05047951266169548,,,
38,9544,,,,0.06613774597644806,,,
38,9549,,,,0.035416703671216965,,,
38,9554,,,,0.06526460498571396,,,
38,9559,,,,0.04186302423477173,,,
38,9564,,,,0.02317182905972004,,,
38,9569,,,,0.12049445509910583,,,
38,9574,,,,0.10333926975727081,,,
38,9579,,,,0.020121149718761444,,,
38,9584,,,,0.0521417036652565,,,
38,9589,,,,0.05831608921289444,,,
38,9594,,,,0.054513297975063324,,,
38,9599,,,,0.10313110053539276,,,
38,9604,,,,0.07691679149866104,,,
38,9609,,,,0.022009901702404022,,,
38,9614,,,,0.05000680685043335,,,
38,9619,,,,0.05180881917476654,,,
38,9624,,,,0.11763565242290497,,,
38,9629,,,,0.07325007766485214,,,
38,9634,,,,0.04569648951292038,,,
38,9639,,,,0.06166764348745346,,,
38,9644,,,,0.054422374814748764,,,
38,9649,,,,0.06963607668876648,,,
38,9654,,,,0.04243088141083717,,,
38,9659,,,,0.05586160719394684,,,
38,9664,,,,0.06791704148054123,,,
38,9669,,,,0.0658157467842102,,,
38,9674,,,,0.05727639049291611,,,
38,9679,,,,0.051201920956373215,,,
38,9684,,,,0.08441278338432312,,,
38,9689,,,,0.024471212178468704,,,
38,9694,,,,0.05095880478620529,,,
38,9699,,,,0.05448741093277931,,,
38,9704,,,,0.050394266843795776,,,
38,9709,,,,0.20687516033649445,,,
38,9714,,,,0.08463545888662338,,,
38,9719,,,,0.06104797124862671,,,
38,9724,,,,0.04354885593056679,,,
38,9729,,,,0.05390731990337372,,,
38,9734,,,,0.07470321655273438,,,
38,9739,,,,0.03239822015166283,,,
38,9744,,,,0.07756656408309937,,,
38,9749,,,,0.0742739588022232,,,
38,9749,,,,,,0.06880494952201843,0.028780288994312286
38,9749,,,0.06632819771766663,,0.0332891047000885,,
39,9754,,,,0.11049492657184601,,,
39,9759,,,,0.02497638389468193,,,
39,9764,,,,0.034173574298620224,,,
39,9769,,,,0.028173934668302536,,,
39,9774,,,,0.04475292190909386,,,
39,9779,,,,0.028314396739006042,,,
39,9784,,,,0.03442936763167381,,,
39,9789,,,,0.16025862097740173,,,
39,9794,,,,0.08832813799381256,,,
39,9799,,,,0.06758935749530792,,,
39,9804,,,,0.05812375247478485,,,
39,9809,,,,0.07649251073598862,,,
39,9814,,,,0.05102012678980827,,,
39,9819,,,,0.049772076308727264,,,
39,9824,,,,0.059139080345630646,,,
39,9829,,,,0.042698293924331665,,,
39,9834,,,,0.03296792134642601,,,
39,9839,,,,0.06742814183235168,,,
39,9844,,,,0.06168988347053528,,,
39,9849,,,,0.09851446747779846,,,
39,9854,,,,0.07859061658382416,,,
39,9859,,,,0.1026928722858429,,,
39,9864,,,,0.08481137454509735,,,
39,9869,,,,0.02112516388297081,,,
39,9874,,,,0.09859200567007065,,,
39,9879,,,,0.15701977908611298,,,
39,9884,,,,0.08854608237743378,,,
39,9889,,,,0.022153090685606003,,,
39,9894,,,,0.07494787871837616,,,
39,9899,,,,0.044866956770420074,,,
39,9904,,,,0.015530452132225037,,,
39,9909,,,,0.025360552594065666,,,
39,9914,,,,0.028182316571474075,,,
39,9919,,,,0.1342223584651947,,,
39,9924,,,,0.07830184698104858,,,
39,9929,,,,0.05905202031135559,,,
39,9934,,,,0.08020710945129395,,,
39,9939,,,,0.08521207422018051,,,
39,9944,,,,0.032103281468153,,,
39,9949,,,,0.0939645916223526,,,
39,9954,,,,0.027291014790534973,,,
39,9959,,,,0.09298296272754669,,,
39,9964,,,,0.09949970245361328,,,
39,9969,,,,0.0762760192155838,,,
39,9974,,,,0.060487836599349976,,,
39,9979,,,,0.053280308842659,,,
39,9984,,,,0.09713337570428848,,,
39,9989,,,,0.08321652561426163,,,
39,9994,,,,0.021520091220736504,,,
39,9999,,,,0.01139136590063572,,,
39,9999,,,,,,0.03696998581290245,0.029094653204083443
39,9999,,,0.06655754894018173,,0.03319841995835304,,
40,10004,,,,0.07962585985660553,,,
40,10009,,,,0.07852698117494583,,,
40,10014,,,,0.04374226555228233,,,
40,10019,,,,0.007627733517438173,,,
40,10024,,,,0.07065817713737488,,,
40,10029,,,,0.12756037712097168,,,
40,10034,,,,0.13485370576381683,,,
40,10039,,,,0.08852126449346542,,,
40,10044,,,,0.06885035336017609,,,
40,10049,,,,0.02367943339049816,,,
40,10054,,,,0.10258408635854721,,,
40,10059,,,,0.059231191873550415,,,
40,10064,,,,0.07469430565834045,,,
40,10069,,,,0.10190385580062866,,,
40,10074,,,,0.0935903936624527,,,
40,10079,,,,0.06451045721769333,,,
40,10084,,,,0.12326793372631073,,,
40,10089,,,,0.07674819231033325,,,
40,10094,,,,0.06098443269729614,,,
40,10099,,,,0.07261756807565689,,,
40,10104,,,,0.09360536932945251,,,
40,10109,,,,0.12514661252498627,,,
40,10114,,,,0.03817630186676979,,,
40,10119,,,,0.0484987273812294,,,
40,10124,,,,0.06489899009466171,,,
40,10129,,,,0.016950154677033424,,,
40,10134,,,,0.11717763543128967,,,
40,10139,,,,0.1505029797554016,,,
40,10144,,,,0.0888921469449997,,,
40,10149,,,,0.10267896950244904,,,
40,10154,,,,0.06635315716266632,,,
40,10159,,,,0.07527714222669601,,,
40,10164,,,,0.016295818611979485,,,
40,10169,,,,0.08835083991289139,,,
40,10174,,,,0.05311638116836548,,,
40,10179,,,,0.0455545149743557,,,
40,10184,,,,0.05380760133266449,,,
40,10189,,,,0.03859799727797508,,,
40,10194,,,,0.06201717257499695,,,
40,10199,,,,0.061046816408634186,,,
40,10204,,,,0.09551882743835449,,,
40,10209,,,,0.030154120177030563,,,
40,10214,,,,0.03615495190024376,,,
40,10219,,,,0.025366589426994324,,,
40,10224,,,,0.05437701195478439,,,
40,10229,,,,0.04351724684238434,,,
40,10234,,,,0.10433205962181091,,,
40,10239,,,,0.0658278614282608,,,
40,10244,,,,0.05529114231467247,,,
40,10249,,,,0.050510700792074203,,,
40,10249,,,,,,0.05194002389907837,0.028661709278821945
40,10249,,,0.06592590361833572,,0.03323805704712868,,
41,10254,,,,0.0901559591293335,,,
41,10259,,,,0.02587444894015789,,,
41,10264,,,,0.039884451776742935,,,
41,10269,,,,0.06705930829048157,,,
41,10274,,,,0.059886157512664795,,,
41,10279,,,,0.057380251586437225,,,
41,10284,,,,0.027489516884088516,,,
41,10289,,,,0.047406889498233795,,,
41,10294,,,,0.03411123529076576,,,
41,10299,,,,0.07532870024442673,,,
41,10304,,,,0.05367723107337952,,,
41,10309,,,,0.03862452879548073,,,
41,10314,,,,0.05408141389489174,,,
41,10319,,,,0.0348697304725647,,,
41,10324,,,,0.04862937331199646,,,
41,10329,,,,0.07126695662736893,,,
41,10334,,,,0.05368812754750252,,,
41,10339,,,,0.0696466714143753,,,
41,10344,,,,0.12157493084669113,,,
41,10349,,,,0.08273304253816605,,,
41,10354,,,,0.04750208556652069,,,
41,10359,,,,0.02882957272231579,,,
41,10364,,,,0.09695570915937424,,,
41,10369,,,,0.07084920257329941,,,
41,10374,,,,0.05199942737817764,,,
41,10379,,,,0.01539076678454876,,,
41,10384,,,,0.038187425583601,,,
41,10389,,,,0.1071162223815918,,,
41,10394,,,,0.1017540916800499,,,
41,10399,,,,0.0666840523481369,,,
41,10404,,,,0.058839134871959686,,,
41,10409,,,,0.07506681978702545,,,
41,10414,,,,0.04378342628479004,,,
41,10419,,,,0.04441661015152931,,,
41,10424,,,,0.053504761308431625,,,
41,10429,,,,0.06625701487064362,,,
41,10434,,,,0.08708600699901581,,,
41,10439,,,,0.02811245806515217,,,
41,10444,,,,0.04795122146606445,,,
41,10449,,,,0.05348651856184006,,,
41,10454,,,,0.04439154639840126,,,
41,10459,,,,0.06532920897006989,,,
41,10464,,,,0.06990795582532883,,,
41,10469,,,,0.06799681484699249,,,
41,10474,,,,0.05112195014953613,,,
41,10479,,,,0.06546864658594131,,,
41,10484,,,,0.10176034271717072,,,
41,10489,,,,0.055015601217746735,,,
41,10494,,,,0.08001367747783661,,,
41,10499,,,,0.05301721766591072,,,
41,10499,,,,,,0.05369318276643753,0.02864411473274231
41,10499,,,0.06617360562086105,,0.03326627239584923,,
42,10504,,,,0.0703778937458992,,,
42,10509,,,,0.05914967134594917,,,
42,10514,,,,0.03115801326930523,,,
42,10519,,,,0.14785385131835938,,,
42,10524,,,,0.12170924991369247,,,
42,10529,,,,0.05344027653336525,,,
42,10534,,,,0.04634325951337814,,,
42,10539,,,,0.0311423409730196,,,
42,10544,,,,0.06134612113237381,,,
42,10549,,,,0.06379289925098419,,,
42,10554,,,,0.04302928224205971,,,
42,10559,,,,0.04258653149008751,,,
42,10564,,,,0.08844497799873352,,,
42,10569,,,,0.06234753504395485,,,
42,10574,,,,0.10111349821090698,,,
42,10579,,,,0.08907737582921982,,,
42,10584,,,,0.033463384956121445,,,
42,10589,,,,0.08299362659454346,,,
42,10594,,,,0.13755565881729126,,,
42,10599,,,,0.12347254902124405,,,
42,10604,,,,0.06984955072402954,,,
42,10609,,,,0.05371059477329254,,,
42,10614,,,,0.022027235478162766,,,
42,10619,,,,0.04118722304701805,,,
42,10624,,,,0.010663492605090141,,,
42,10629,,,,0.02188335545361042,,,
42,10634,,,,0.06338246166706085,,,
42,10639,,,,0.10077144205570221,,,
42,10644,,,,0.10246425867080688,,,
42,10649,,,,0.12209878861904144,,,
42,10654,,,,0.10912273079156876,,,
42,10659,,,,0.06445524841547012,,,
42,10664,,,,0.04273776710033417,,,
42,10669,,,,0.05429833009839058,,,
42,10674,,,,0.05215262249112129,,,
42,10679,,,,0.07013783603906631,,,
42,10684,,,,0.10451477766036987,,,
42,10689,,,,0.10934123396873474,,,
42,10694,,,,0.06150582432746887,,,
42,10699,,,,0.11442773044109344,,,
42,10704,,,,0.05858679115772247,,,
42,10709,,,,0.04696924239397049,,,
42,10714,,,,0.057266443967819214,,,
42,10719,,,,0.06532318890094757,,,
42,10724,,,,0.08908005803823471,,,
42,10729,,,,0.10171880573034286,,,
42,10734,,,,0.028945060446858406,,,
42,10739,,,,0.09446491301059723,,,
42,10744,,,,0.0567382276058197,,,
42,10749,,,,0.05909102410078049,,,
42,10749,,,,,,0.05785500258207321,0.028630157932639122
42,10749,,,0.06614676117897034,,0.03326588124036789,,
43,10754,,,,0.07207232713699341,,,
43,10759,,,,0.07569479197263718,,,
43,10764,,,,0.060435667634010315,,,
43,10769,,,,0.06963883340358734,,,
43,10774,,,,0.10248206555843353,,,
43,10779,,,,0.08871860057115555,,,
43,10784,,,,0.0848698541522026,,,
43,10789,,,,0.07408752292394638,,,
43,10794,,,,0.06804212182760239,,,
43,10799,,,,0.117047980427742,,,
43,10804,,,,0.02461293525993824,,,
43,10809,,,,0.06962558627128601,,,
43,10814,,,,0.04804496094584465,,,
43,10819,,,,0.10460927337408066,,,
43,10824,,,,0.07479158043861389,,,
43,10829,,,,0.06194235384464264,,,
43,10834,,,,0.08241982758045197,,,
43,10839,,,,0.03922823444008827,,,
43,10844,,,,0.05297650396823883,,,
43,10849,,,,0.015609977766871452,,,
43,10854,,,,0.04551759362220764,,,
43,10859,,,,0.0940510630607605,,,
43,10864,,,,0.03838418424129486,,,
43,10869,,,,0.04124755039811134,,,
43,10874,,,,0.1168154701590538,,,
43,10879,,,,0.06195087730884552,,,
43,10884,,,,0.07354779541492462,,,
43,10889,,,,0.10010386258363724,,,
43,10894,,,,0.046469178050756454,,,
43,10899,,,,0.08162395656108856,,,
43,10904,,,,0.03354518115520477,,,
43,10909,,,,0.07866448163986206,,,
43,10914,,,,0.05449220910668373,,,
43,10919,,,,0.05210987105965614,,,
43,10924,,,,0.056114040315151215,,,
43,10929,,,,0.09847373515367508,,,
43,10934,,,,0.05118473246693611,,,
43,10939,,,,0.0057235900312662125,,,
43,10944,,,,0.05756188556551933,,,
43,10949,,,,0.035209402441978455,,,
43,10954,,,,0.06205860897898674,,,
43,10959,,,,0.019995616748929024,,,
43,10964,,,,0.02696147747337818,,,
43,10969,,,,0.030941875651478767,,,
43,10974,,,,0.022609569132328033,,,
43,10979,,,,0.10987001657485962,,,
43,10984,,,,0.1061568483710289,,,
43,10989,,,,0.03671412169933319,,,
43,10994,,,,0.08590735495090485,,,
43,10999,,,,0.07310738414525986,,,
43,10999,,,,,,0.06775662302970886,0.028754184022545815
43,10999,,,0.06597696244716644,,0.033218786120414734,,
44,11004,,,,0.07429829239845276,,,
44,11009,,,,0.039738088846206665,,,
44,11014,,,,0.06988423317670822,,,
44,11019,,,,0.04860802739858627,,,
44,11024,,,,0.12907421588897705,,,
44,11029,,,,0.12404847145080566,,,
44,11034,,,,0.1367221176624298,,,
44,11039,,,,0.0592186376452446,,,
44,11044,,,,0.08947329223155975,,,
44,11049,,,,0.023003235459327698,,,
44,11054,,,,0.10868972539901733,,,
44,11059,,,,0.032022636383771896,,,
44,11064,,,,0.059700801968574524,,,
44,11069,,,,0.03562823310494423,,,
44,11074,,,,0.0817088708281517,,,
44,11079,,,,0.047779954969882965,,,
44,11084,,,,0.02615155465900898,,,
44,11089,,,,0.039030421525239944,,,
44,11094,,,,0.10003674030303955,,,
44,11099,,,,0.032554421573877335,,,
44,11104,,,,0.06432457268238068,,,
44,11109,,,,0.06865222752094269,,,
44,11114,,,,0.050289832055568695,,,
44,11119,,,,0.04909719526767731,,,
44,11124,,,,0.0664537250995636,,,
44,11129,,,,0.017836252227425575,,,
44,11134,,,,0.04476957023143768,,,
44,11139,,,,0.1834973841905594,,,
44,11144,,,,0.087528757750988,,,
44,11149,,,,0.07810699939727783,,,
44,11154,,,,0.0734282061457634,,,
44,11159,,,,0.03770895674824715,,,
44,11164,,,,0.06991314142942429,,,
44,11169,,,,0.06334755569696426,,,
44,11174,,,,0.0368780754506588,,,
44,11179,,,,0.06576080620288849,,,
44,11184,,,,0.07648518681526184,,,
44,11189,,,,0.04406091198325157,,,
44,11194,,,,0.02233690768480301,,,
44,11199,,,,0.03966083005070686,,,
44,11204,,,,0.0497916117310524,,,
44,11209,,,,0.1430065631866455,,,
44,11214,,,,0.03494105115532875,,,
44,11219,,,,0.09718890488147736,,,
44,11224,,,,0.033149704337120056,,,
44,11229,,,,0.039965663105249405,,,
44,11234,,,,0.0838906466960907,,,
44,11239,,,,0.03511786833405495,,,
44,11244,,,,0.051802899688482285,,,
44,11249,,,,0.06027286499738693,,,
44,11249,,,,,,0.058709003031253815,0.02863212674856186
44,11249,,,0.06629690527915955,,0.03327162191271782,,
45,11254,,,,0.08217771351337433,,,
45,11259,,,,0.10428296774625778,,,
45,11264,,,,0.058753643184900284,,,
45,11269,,,,0.07563064992427826,,,
45,11274,,,,0.09871123731136322,,,
45,11279,,,,0.09621670097112656,,,
45,11284,,,,0.08640804886817932,,,
45,11289,,,,0.0240032896399498,,,
45,11294,,,,0.04754079878330231,,,
45,11299,,,,0.11076261103153229,,,
45,11304,,,,0.05848855525255203,,,
45,11309,,,,0.07731475681066513,,,
45,11314,,,,0.02508234605193138,,,
45,11319,,,,0.015559599734842777,,,
45,11324,,,,0.06440801918506622,,,
45,11329,,,,0.03656604886054993,,,
45,11334,,,,0.17996883392333984,,,
45,11339,,,,0.11864960193634033,,,
45,11344,,,,0.09889160096645355,,,
45,11349,,,,0.08530428260564804,,,
45,11354,,,,0.060075484216213226,,,
45,11359,,,,0.09973089396953583,,,
45,11364,,,,0.07685280591249466,,,
45,11369,,,,0.09651446342468262,,,
45,11374,,,,0.023253530263900757,,,
45,11379,,,,0.07030411809682846,,,
45,11384,,,,0.04289930686354637,,,
45,11389,,,,0.02079521119594574,,,
45,11394,,,,0.02065504901111126,,,
45,11399,,,,0.05081934481859207,,,
45,11404,,,,0.1248919814825058,,,
45,11409,,,,0.06684476882219315,,,
45,11414,,,,0.09727486222982407,,,
45,11419,,,,0.09009701013565063,,,
45,11424,,,,0.023389220237731934,,,
45,11429,,,,0.0527462512254715,,,
45,11434,,,,0.02907821722328663,,,
45,11439,,,,0.06230025738477707,,,
45,11444,,,,0.017231322824954987,,,
45,11449,,,,0.037889376282691956,,,
45,11454,,,,0.12975651025772095,,,
45,11459,,,,0.03711400926113129,,,
45,11464,,,,0.08717074990272522,,,
45,11469,,,,0.0852041020989418,,,
45,11474,,,,0.08432751893997192,,,
45,11479,,,,0.0720006451010704,,,
45,11484,,,,0.04364451766014099,,,
45,11489,,,,0.048703666776418686,,,
45,11494,,,,0.0684199407696724,,,
45,11499,,,,0.14377030730247498,,,
45,11499,,,,,,0.07936661690473557,0.02918168157339096
45,11499,,,0.06590551137924194,,0.03326047584414482,,
46,11504,,,,0.017505556344985962,,,
46,11509,,,,0.04333306476473808,,,
46,11514,,,,0.03431755304336548,,,
46,11519,,,,0.03599327430129051,,,
46,11524,,,,0.14394691586494446,,,
46,11529,,,,0.04425932466983795,,,
46,11534,,,,0.028223607689142227,,,
46,11539,,,,0.06995750963687897,,,
46,11544,,,,0.10609652101993561,,,
46,11549,,,,0.08811406791210175,,,
46,11554,,,,0.030141126364469528,,,
46,11559,,,,0.08113154768943787,,,
46,11564,,,,0.02210552990436554,,,
46,11569,,,,0.0392499640583992,,,
46,11574,,,,0.08824180066585541,,,
46,11579,,,,0.027413025498390198,,,
46,11584,,,,0.021830514073371887,,,
46,11589,,,,0.15926799178123474,,,
46,11594,,,,0.12903541326522827,,,
46,11599,,,,0.05276545137166977,,,
46,11604,,,,0.022665943950414658,,,
46,11609,,,,0.047152403742074966,,,
46,11614,,,,0.03847089037299156,,,
46,11619,,,,0.060497332364320755,,,
46,11624,,,,0.08218131959438324,,,
46,11629,,,,0.11396163702011108,,,
46,11634,,,,0.06373172253370285,,,
46,11639,,,,0.05445166677236557,,,
46,11644,,,,0.08810381591320038,,,
46,11649,,,,0.08194838464260101,,,
46,11654,,,,0.03203955292701721,,,
46,11659,,,,0.07053583860397339,,,
46,11664,,,,0.06423073261976242,,,
46,11669,,,,0.08234798163175583,,,
46,11674,,,,0.056900158524513245,,,
46,11679,,,,0.047830138355493546,,,
46,11684,,,,0.03246939182281494,,,
46,11689,,,,0.05751177668571472,,,
46,11694,,,,0.05572512745857239,,,
46,11699,,,,0.09536536037921906,,,
46,11704,,,,0.04339471831917763,,,
46,11709,,,,0.021941227838397026,,,
46,11714,,,,0.05072403699159622,,,
46,11719,,,,0.06337669491767883,,,
46,11724,,,,0.04872383549809456,,,
46,11729,,,,0.09059055149555206,,,
46,11734,,,,0.09588464349508286,,,
46,11739,,,,0.042568303644657135,,,
46,11744,,,,0.09135771542787552,,,
46,11749,,,,0.04665931686758995,,,
46,11749,,,,,,0.06249489262700081,0.02866070345044136
46,11749,,,0.06644336879253387,,0.03330128267407417,,
47,11754,,,,0.07602584362030029,,,
47,11759,,,,0.017653636634349823,,,
47,11764,,,,0.05083436891436577,,,
47,11769,,,,0.06111612915992737,,,
47,11774,,,,0.07026980072259903,,,
47,11779,,,,0.052556611597537994,,,
47,11784,,,,0.060594454407691956,,,
47,11789,,,,0.0644710436463356,,,
47,11794,,,,0.029591308906674385,,,
47,11799,,,,0.0501285158097744,,,
47,11804,,,,0.05047105252742767,,,
47,11809,,,,0.1484074592590332,,,
47,11814,,,,0.04407116398215294,,,
47,11819,,,,0.01669829897582531,,,
47,11824,,,,0.03319702669978142,,,
47,11829,,,,0.06172601506114006,,,
47,11834,,,,0.03370186313986778,,,
47,11839,,,,0.12446330487728119,,,
47,11844,,,,0.1375163346529007,,,
47,11849,,,,0.04351937025785446,,,
47,11854,,,,0.09199146926403046,,,
47,11859,,,,0.0790327712893486,,,
47,11864,,,,0.06092819571495056,,,
47,11869,,,,0.08190742135047913,,,
47,11874,,,,0.0279847402125597,,,
47,11879,,,,0.0605950728058815,,,
47,11884,,,,0.09315504878759384,,,
47,11889,,,,0.10627265274524689,,,
47,11894,,,,0.08336339890956879,,,
47,11899,,,,0.08518972992897034,,,
47,11904,,,,0.08092790842056274,,,
47,11909,,,,0.05697254464030266,,,
47,11914,,,,0.02097882144153118,,,
47,11919,,,,0.06380239874124527,,,
47,11924,,,,0.05814141780138016,,,
47,11929,,,,0.088846355676651,,,
47,11934,,,,0.052307210862636566,,,
47,11939,,,,0.08731536567211151,,,
47,11944,,,,0.01876796968281269,,,
47,11949,,,,0.051500823348760605,,,
47,11954,,,,0.09012553840875626,,,
47,11959,,,,0.05781993642449379,,,
47,11964,,,,0.0921432375907898,,,
47,11969,,,,0.10027982294559479,,,
47,11974,,,,0.06716656684875488,,,
47,11979,,,,0.038309380412101746,,,
47,11984,,,,0.14376576244831085,,,
47,11989,,,,0.04077984392642975,,,
47,11994,,,,0.02482227236032486,,,
47,11999,,,,0.10132740437984467,,,
47,11999,,,,,,0.07616795599460602,0.029033521190285683
47,11999,,,0.06598199903964996,,0.03325369954109192,,
48,12004,,,,0.1277090609073639,,,
48,12009,,,,0.05326899141073227,,,
48,12014,,,,0.06999772042036057,,,
48,12019,,,,0.07503098249435425,,,
48,12024,,,,0.09508146345615387,,,
48,12029,,,,0.06360931694507599,,,
48,12034,,,,0.123366579413414,,,
48,12039,,,,0.0725087970495224,,,
48,12044,,,,0.06873375922441483,,,
48,12049,,,,0.07906694710254669,,,
48,12054,,,,0.08707300573587418,,,
48,12059,,,,0.03161810338497162,,,
48,12064,,,,0.02112898975610733,,,
48,12069,,,,0.11923761665821075,,,
48,12074,,,,0.06211564689874649,,,
48,12079,,,,0.08094976097345352,,,
48,12084,,,,0.13165123760700226,,,
48,12089,,,,0.05191121622920036,,,
48,12094,,,,0.04557285085320473,,,
48,12099,,,,0.057310912758111954,,,
48,12104,,,,0.019870156422257423,,,
48,12109,,,,0.04680147394537926,,,
48,12114,,,,0.10196878015995026,,,
48,12119,,,,0.028474466875195503,,,
48,12124,,,,0.02972705475986004,,,
48,12129,,,,0.03539137914776802,,,
48,12134,,,,0.04047501087188721,,,
48,12139,,,,0.03509971871972084,,,
48,12144,,,,0.03215251490473747,,,
48,12149,,,,0.005932569038122892,,,
48,12154,,,,0.07714882493019104,,,
48,12159,,,,0.06656231731176376,,,
48,12164,,,,0.042764339596033096,,,
48,12169,,,,0.08691331744194031,,,
48,12174,,,,0.08678318560123444,,,
48,12179,,,,0.0769980326294899,,,
48,12184,,,,0.08624841272830963,,,
48,12189,,,,0.11180085688829422,,,
48,12194,,,,0.05014968290925026,,,
48,12199,,,,0.05382445827126503,,,
48,12204,,,,0.11073798686265945,,,
48,12209,,,,0.08015305548906326,,,
48,12214,,,,0.055715300142765045,,,
48,12219,,,,0.05973607301712036,,,
48,12224,,,,0.09135406464338303,,,
48,12229,,,,0.10224831104278564,,,
48,12234,,,,0.10420588403940201,,,
48,12239,,,,0.07984143495559692,,,
48,12244,,,,0.11597400158643723,,,
48,12249,,,,0.06067939102649689,,,
48,12249,,,,,,0.05900386720895767,0.028633184731006622
48,12249,,,0.0664336234331131,,0.03329024463891983,,
49,12254,,,,0.05160858482122421,,,
49,12259,,,,0.05662677064538002,,,
49,12264,,,,0.08794055134057999,,,
49,12269,,,,0.11207693070173264,,,
49,12274,,,,0.13545995950698853,,,
49,12279,,,,0.04132126271724701,,,
49,12284,,,,0.1185179352760315,,,
49,12289,,,,0.02314990572631359,,,
49,12294,,,,0.0822472870349884,,,
49,12299,,,,0.024044353514909744,,,
49,12304,,,,0.1029210165143013,,,
49,12309,,,,0.03426572307944298,,,
49,12314,,,,0.09267552196979523,,,
49,12319,,,,0.09396283328533173,,,
49,12324,,,,0.08813416212797165,,,
49,12329,,,,0.09203007072210312,,,
49,12334,,,,0.048197031021118164,,,
49,12339,,,,0.06318700313568115,,,
49,12344,,,,0.009273531846702099,,,
49,12349,,,,0.024617090821266174,,,
49,12354,,,,0.03984624892473221,,,
49,12359,,,,0.07061433792114258,,,
49,12364,,,,0.06683452427387238,,,
49,12369,,,,0.02800031378865242,,,
49,12374,,,,0.018731726333498955,,,
49,12379,,,,0.06305564939975739,,,
49,12384,,,,0.08625325560569763,,,
49,12389,,,,0.09416233003139496,,,
49,12394,,,,0.04404884949326515,,,
49,12399,,,,0.05011427402496338,,,
49,12404,,,,0.036342862993478775,,,
49,12409,,,,0.07358898222446442,,,
49,12414,,,,0.03890885040163994,,,
49,12419,,,,0.14294469356536865,,,
49,12424,,,,0.07836076617240906,,,
49,12429,,,,0.027101103216409683,,,
49,12434,,,,0.061946846544742584,,,
49,12439,,,,0.04910583049058914,,,
49,12444,,,,0.09413039684295654,,,
49,12449,,,,0.0668521448969841,,,
49,12454,,,,0.03918956220149994,,,
49,12459,,,,0.1095917671918869,,,
49,12464,,,,0.04171270504593849,,,
49,12469,,,,0.021340999752283096,,,
49,12474,,,,0.013540195301175117,,,
49,12479,,,,0.08671587705612183,,,
49,12484,,,,0.11492834985256195,,,
49,12489,,,,0.05608747899532318,,,
49,12494,,,,0.10837097465991974,,,
49,12499,,,,0.05478185415267944,,,
49,12499,,,,,,0.0662161111831665,0.028720347210764885
49,12499,,,0.06598853319883347,,0.03321189433336258,,
50,12500,0.0662161111831665,0.028720347210764885,,,,,
